id	parts	triangles	materials	source	glb	runtime	source_sha256	runtime_sha256	glb_sha256
architecture-crystal-beam-2m	12	2108	8	source/architecture-crystal-beam-2m.blend	glb/architecture-crystal-beam-2m.glb	runtime/architecture-crystal-beam-2m.model.json	1a87e395122e04ccd90a0e767cd3b4886e87ce6c7fc7b802a9c4a777b16d4079	cf64ea9c96cf5709d9c608d8bf6c1d4b94ec9b12a59266443e7a9cdf78aa659b	156c37e3cbcdf7cc36f48f0d63398ccb2c9701bba02fdc0e0ba5192203171c2e
architecture-crystal-beam-4m	12	2108	8	source/architecture-crystal-beam-4m.blend	glb/architecture-crystal-beam-4m.glb	runtime/architecture-crystal-beam-4m.model.json	42ccbe2a47ffea76a1218a8338f82255217369f804e6ea25d972dd5a98a663ef	642340f97ce325771e73cb55657ee0255b44cd2f8292d79da2d514010c3aecb4	564b40900ca2c5a4a57838f45403f641e5d2905f7a0916672d5df8c1078ffb36
architecture-crystal-beam-8m	12	2556	8	source/architecture-crystal-beam-8m.blend	glb/architecture-crystal-beam-8m.glb	runtime/architecture-crystal-beam-8m.model.json	fa3bd72eead20cb23fe8a4f751d544640cfd6acd0d91d566ba0a6fcb70715563	dca2f0720956c67d8a1356e175d3de0eb5cd57a241c90d216ca932e642eb74a8	00381a7efd574b4f413e49fef4b1c6ff025c3b261130de7674d944666dfc90e4
architecture-crystal-foundation-2m	6	764	3	source/architecture-crystal-foundation-2m.blend	glb/architecture-crystal-foundation-2m.glb	runtime/architecture-crystal-foundation-2m.model.json	e271e5bdb7813eb1e46ffee385a2b66e5425dc7da7aee05c5615973e2ee44016	99f063f35b6a6500c902196c43fa32d20d31fdd3170d0b56df03567e76a9463f	7d0e654e86d6b6c346aa325b86ec4587c1c15e5a64467cc8898e6a341dff777e
architecture-crystal-foundation-4m	9	1436	6	source/architecture-crystal-foundation-4m.blend	glb/architecture-crystal-foundation-4m.glb	runtime/architecture-crystal-foundation-4m.model.json	0b25e1309555a76f338327939c078ed9cd8f7e9653729947bd1fa92e86f1a4d2	c5d5ba6a06e030768096ac7162d4063ee5784724708cd7c10fea0056139f2828	a1cfb1f1f6ba432ad1e5704baeff0e9e531cbba8a483afd525d13537b071aa27
architecture-crystal-foundation-8m	21	4124	9	source/architecture-crystal-foundation-8m.blend	glb/architecture-crystal-foundation-8m.glb	runtime/architecture-crystal-foundation-8m.model.json	db2cc6b68338f3b371d32e29a9f01995541857a1f3360449611d36f59c2f10e8	0902c6f1e53329ed4c24c93d6a1383ec547dc57e268ad75f188db207c85b2477	b243e8bbd03a8a2997470ca85cd6dfc20ca9b445d57e0597a9c9497066780d6b
architecture-crystal-hearth	21	3240	10	source/architecture-crystal-hearth.blend	glb/architecture-crystal-hearth.glb	runtime/architecture-crystal-hearth.model.json	9af6f4535b809bde5452b4cd755a6f4068949eebdcd0746047f9aa29834439cd	cfd7068df7deee3c118b1b76bff762cebb83c44c07a89de49f89220e5202e5c6	585ed50e80b925e82e5fd3844e85150a3748a3a8f6515570a4a3e398efa6bc01
blackstone-arch	8	860	3	source/blackstone-arch.blend	glb/blackstone-arch.glb	runtime/blackstone-arch.model.json	07b0ed0e54518e590670679f157d98676ca9f7ab2f67413a52b48a089115cac1	e0d50d146638b7f6994bc4a4238fd46d475a56041572c037d5a1d83915e5b62c	5941b2f490fe583ef6e39284b9d2622ec7e431814447d7acf97c0041345088a7
blackstone-attendant-seat	21	3094	3	source/blackstone-attendant-seat.blend	glb/blackstone-attendant-seat.glb	runtime/blackstone-attendant-seat.model.json	8c7e6f56e38154e6f121c967108e2ee276ecd5542bbde28337cbff8dba999786	984e6fc50812372fe040fdf172b702331763c29b7111b7652670913ceb4e64e5	5f1781e5bc055d25cd65f37267eb539a652c473460f9ab6ec3324aef368d1c2e
blackstone-banner	10	1208	3	source/blackstone-banner.blend	glb/blackstone-banner.glb	runtime/blackstone-banner.model.json	d9bf302ad631eba3369746b88ae675fde6b0b7c34b10c2a5622f445724150858	308baaf56daebb8b9d0b49576715586ef295976ec5ae679dc7b3dc2c7d9ad111	30539fea17b676660145953cd4af20810c3a5a73dbc87c1ba8b74f4eae728b6c
blackstone-brazier	13	1628	5	source/blackstone-brazier.blend	glb/blackstone-brazier.glb	runtime/blackstone-brazier.model.json	8e4fdd516be8981c3afc8668b8ce0cae79536826c5c798e3bc8714968b5e755b	8738eb6079160e175b4f2da1291d81497d45c72fd0afe39958d61b53fe1f5679	9d54cd5ae045c1774e8fdb45227589a83e21c36c36c42ededfedde0a29617f4e
blackstone-bridge	83	8916	3	source/blackstone-bridge.blend	glb/blackstone-bridge.glb	runtime/blackstone-bridge.model.json	898b54077a3ea1b8aaeab51d5f9e71848f0e766e0108c854a964d15a50d24b29	105d58b5a18d1acfd56366059d9d1df4b42d673ab7742dfd760634249715ccb5	bb1ad576d8a93dce82ec985f43f5a3ecbc4d102ded241bb49ad0e8f2910ec5fa
blackstone-cathedral-wall	25	3910	3	source/blackstone-cathedral-wall.blend	glb/blackstone-cathedral-wall.glb	runtime/blackstone-cathedral-wall.model.json	096f6a1f8b18956b13aee6d86472da62b6d738db657ee88ad01080b15a61a9cc	00380b4dbf140eef100f3a3447d8f3e1b4345a04668a887fb7005d52479103d7	c97f1b0796190b258250ecc41b33544fb9b523ca7e54fab5ab47d9e58cf1f633
blackstone-cliff-edge	4	860	1	source/blackstone-cliff-edge.blend	glb/blackstone-cliff-edge.glb	runtime/blackstone-cliff-edge.model.json	93eb5b3c398aec95e7f94cdc589cc25380c5ec21274c307462da7138190ceb0a	a1e7f295b863a1abfcde4b6ad85baa70120b6e4888e0fda50121a7ae43347026	bd5d7ef26cfe26d1396fd69873a1a5613929d4b9c099391effc9cace2945696c
blackstone-dais	5	540	3	source/blackstone-dais.blend	glb/blackstone-dais.glb	runtime/blackstone-dais.model.json	8a176310c4b68faf4b34803caecef9d595570d2a40d416b93a8cd3165597392b	7150a0167ee36d95b7f314dfa2ed079d83d1864f81b563ff9d4b44cffa44bf4a	8bce3b382073b66a8293820d8b12ee391c45759bd61d4850345d1695e3370543
blackstone-floor-tile	14	1688	2	source/blackstone-floor-tile.blend	glb/blackstone-floor-tile.glb	runtime/blackstone-floor-tile.model.json	ef00531d62ef8e25735443a42b1c2f768e2bf59dd8938ad5d0bf04f0964ef1b4	94488438b186066a65f8de177cee8d0b003f12f9a8dc17e9a024fcb58147dd65	08fe200f2d7aac52f699a04723cd55a3bc28c3647c0c620501cf9460a6a98184
blackstone-gate	38	5308	3	source/blackstone-gate.blend	glb/blackstone-gate.glb	runtime/blackstone-gate.model.json	3a9519e9d1ffa862e75cba318361b76881e0538155f2d1807b169ebfd9eabc7f	a7c69115345e2d9376e4ea8329d317eeab66f307ad2fcce66ece39c6a33a5c13	0f81d3dabb2502e536e54bf47899dbfa953001c23d1289bd3b2955280fc2ef03
blackstone-parapet	20	2148	2	source/blackstone-parapet.blend	glb/blackstone-parapet.glb	runtime/blackstone-parapet.model.json	4b53767951bbbf3f3a6b834fd2092c7f0345595cd2788bfcd05ab0e72e1952ee	d9716c68aaf45e14cccfcaa22af5af3a14a8889d3a9f4177e241bb5d5610830a	8d6263f0682be342dc7de5f5a273593c6bc2050457a08bee4b39f514cda7bd36
blackstone-pillar	4	430	3	source/blackstone-pillar.blend	glb/blackstone-pillar.glb	runtime/blackstone-pillar.model.json	daa6ecd958a297dbcf84516ce8cb388116e79375a12c72d1c76ee043af98d598	a075f96e0b8ab41bd844811e8e803c9808ffc00f6597cb8d4471e3a4d6098603	d6392e0f0e66a1e33166e8d809d9004b359337240ad53020b6cdb4bf32b52ee3
blackstone-spire	5	538	3	source/blackstone-spire.blend	glb/blackstone-spire.glb	runtime/blackstone-spire.model.json	c068f2f437c934035b3096d0af947a0b8b7c202aca593dcce053d442b36cd5d9	40efa8405ef2ca4623744cddc927e3b26e5c13eaff196ab2d95205e9a8ff0e78	81cb27bd30a453e37d03e6634a386200d074eb5b0f5b140c8ff1c2fee39e20e2
blackstone-stair	15	1616	3	source/blackstone-stair.blend	glb/blackstone-stair.glb	runtime/blackstone-stair.model.json	147d70d1c83d1e83d82b19b05fcc48d5e182b776270a5dd1901592bd00b69f53	67a5b371fe1f43e0c25bb34bad186d5bf0fafc7a20205a9787d768085819bd2c	1f753e56deeb7960e54bdda1230619bb76ff05ad4195a6c749d371b96a743a94
blackstone-terrace	28	3236	3	source/blackstone-terrace.blend	glb/blackstone-terrace.glb	runtime/blackstone-terrace.model.json	014ee5dbc1639e0cbf700e377b4671257086216a885b6ace58a3034c16d18b9c	2be542bd3acefe562f1c0fbf9961e06a58b78773619e6a0064ed91489309d675	21806399eef9ed66063da8caff74f6ad9f483c49ac5fc4a9699dff3cdfa922d9
blackstone-throne	47	6186	3	source/blackstone-throne.blend	glb/blackstone-throne.glb	runtime/blackstone-throne.model.json	03cd7f2d44cc7b72e95ab3dd9afcc35bf4dc5869a607e5b170901e69b2dd1a0a	fc73a87e812e15c0d027bed23cf65f20fa800f199559195041c25248fe3bd167	37652019912b954e1e690e8e8737e7a331bab15700b88c358a554fb17c27fcef
blackstone-wall-buttress	9	966	3	source/blackstone-wall-buttress.blend	glb/blackstone-wall-buttress.glb	runtime/blackstone-wall-buttress.model.json	d82a8a2b9b12b3ce525016ac7ae843a06da6d1f8fc82e19b2462aa19444eecb6	fcdaa6b59937bb786024d61be045c1602fee86719172353348efab1844b87d80	1704395ee1e30368d624b90fde06ebc02badbdba86f050ffbfff7cf2e0e739fa
boss-bonemass-rotheart	16	2136	4	source/boss-bonemass-rotheart.blend	glb/boss-bonemass-rotheart.glb	runtime/boss-bonemass-rotheart.model.json	73e1e77d56208d1fe0d68711dfd926b8c03623bcae1e1f4fc8a8035e43115c2d	f8bdd6d3df0e7ad78315e717504ab317b9c7af6ef42f33493c0bc1e764e0b541	ee20efbc14e884a5772f8a0662ed302762627e1b87d6c1ed25703e8e072f7749
boss-eikthyr-stormheart	8	1144	3	source/boss-eikthyr-stormheart.blend	glb/boss-eikthyr-stormheart.glb	runtime/boss-eikthyr-stormheart.model.json	cab2b3396e8eb828b36639ef0b275585fb2fec516f94abcf11847f740a274fe6	0f6bcb8dd5a3258c327ee92a6e3cc7d4dec6f25c2590091b266687748b410752	0a57c8d05a59bed35646fc06b1573817d427bef52c56bb8694e033a738e804e8
boss-elder-rootheart	14	1688	3	source/boss-elder-rootheart.blend	glb/boss-elder-rootheart.glb	runtime/boss-elder-rootheart.model.json	10aaca3205f2c0b2ef43189e3263c89fc07832d819193a8a2b96331244c40006	374d1d7b744601e4fe598ec2d8c17a25ae557cb3e6631cc6dd4514be223ed76a	22506f6f467a3ec10d0a917d9fd862125e1b1117f4b9e94c4eefd979707df703
boss-fader-ashheart	15	1928	4	source/boss-fader-ashheart.blend	glb/boss-fader-ashheart.glb	runtime/boss-fader-ashheart.model.json	a87d522b2a72a77352b2f8e3211966a7b5b2340862d51d3063ccfaba75c6b008	3a8439c54d57bddea3a78c7eccd8baea419fa412a18ec4fc37b0fafcbe6b19ec	22b896215073dc0c1b8b43a78da6bb2ef6d5930c986e6c4b9e8952c11723be62
boss-kall-winterheart	14	1584	4	source/boss-kall-winterheart.blend	glb/boss-kall-winterheart.glb	runtime/boss-kall-winterheart.model.json	2b0eb4f03a8a2bf163c96564f0ecbbb9d592a88f490bc4d2748b9b85ea77c05e	a75f2cc95740515b31e833c3884d0ae9dca282dbd32aca7496cb3fccd6e2c19a	e71a52b4df752f3895a71e68d6bfd2081a285af1cc9c9ccd2512c44b538fa945
boss-moder-rimeheart	8	1144	3	source/boss-moder-rimeheart.blend	glb/boss-moder-rimeheart.glb	runtime/boss-moder-rimeheart.model.json	f6ba026db7e16380638565de08404b726933d0bdc5b65b819cafa5ca1a9b2987	3c136e7c693dd9048b480517f033b0bd4271fc14b5dd669d15e4374dbf90de7d	f74be314ad38c1f849a0837e3a2d76c363ac4667b56fccb6eac2928f96e158a2
boss-queen-veilheart	16	1936	3	source/boss-queen-veilheart.blend	glb/boss-queen-veilheart.glb	runtime/boss-queen-veilheart.model.json	4fcffae9cc2d5103f06218f59261362f6f4e8629838397f8b90da555ca047c21	4e938e67a6cbf5a52bbb4b4a689fcbe995da643f7c21678fa5e683b8b462da1a	82a000dab6377bbb35c46996a23274e0ed5cb685a47aa7db4c83fdf574a1784b
boss-yagluth-sunheart	11	1368	3	source/boss-yagluth-sunheart.blend	glb/boss-yagluth-sunheart.glb	runtime/boss-yagluth-sunheart.model.json	c320d57349164d9ae5180254ff3ed37c717fd4dbfb4b346a9781bd705300081a	b57c44b3d5c80678ae7252e14308d6de39864d547281b8ad49e2067991f36c32	678b2e2810a737aae6191411197e569ecdc75ea7be8b02777059f2d8e05ed1f5
broken-crown	1	1600	1	source/broken-crown.blend	glb/broken-crown.glb	runtime/broken-crown.model.json	fb76041fefc73628ac0af31ce1d53c88755f72ca2bd9b728cb1f493d1407a1f3	03080f5b527b529d0b6599bac09409668e5cda714501d63498119faa61f25ea0	2ddc22bee6078c5a1b22a4cdb6d7e7679d01a9b40650cf5d8fc4ad7e0144f428
crystal-banner-pennant-earth	11	3788	5	source/crystal-banner-pennant-earth.blend	glb/crystal-banner-pennant-earth.glb	runtime/crystal-banner-pennant-earth.model.json	75df20169ffbb57552a3c56ef840924d4c71ff5b61af77c9ce96b1be3d82f87f	d6d6c2d7c595ec2d06aff054b9c42f860f6e64017498b291b86d37f5e3039ed4	edd2db4c17e40e3829972abce53e1b72d10718d52d7f82fac6e2853672ecdf54
crystal-banner-pennant-fire	11	3788	5	source/crystal-banner-pennant-fire.blend	glb/crystal-banner-pennant-fire.glb	runtime/crystal-banner-pennant-fire.model.json	58e3bc21b42a3f9d6a89d3f68c8bd29b8628aea5ff3e87872e3ef506d60d2d9c	457153217fa6c079e6855cf8279f10a017aaef87c77caff7c50ec72c67f6685c	c1c9d82041f166ebe44145a28c0ac3853813f27b16c3e61befb914940af49013
crystal-banner-pennant-frost	11	3788	5	source/crystal-banner-pennant-frost.blend	glb/crystal-banner-pennant-frost.glb	runtime/crystal-banner-pennant-frost.model.json	2a33a6c2a8932e9632b1b7c944af90bc93653b7154df0bad7c4bc11a774004b7	bf8dbbc79e7029ef15f7a7574a3856b8d924cacb485abf42d765aed74bdcdb22	3c163699520ef901c5c3c0c26a38aa29173f75bc669211539ac62ceb93af32c0
crystal-banner-pennant-radiance	11	3788	5	source/crystal-banner-pennant-radiance.blend	glb/crystal-banner-pennant-radiance.glb	runtime/crystal-banner-pennant-radiance.model.json	91c69fbea05bb998b60d0ffe4428f79e1f3205daa62fb03f8ca4f10d24a1b2bb	6a9e9ed526fa31aa6b990f420164f9d7172c9b41681193a5512d9566eaaaa8c6	062f35571b1a9500c1b46451c5a5dc069c0ed5c6ac8b02f139b9ad7269b3ebde
crystal-banner-pennant-seidr	11	3788	5	source/crystal-banner-pennant-seidr.blend	glb/crystal-banner-pennant-seidr.glb	runtime/crystal-banner-pennant-seidr.model.json	0b5e74078faca6e78223015f63cb84576a238915aa181b766d024559a7ceb4c1	59068e82ecbd382cef0ae73bffb36017961421d1b1a6d3b61d824bf865938bf6	066993e381d4cf8410690fb049f53f1293521be2a00e37667caaa8a7af1b07ac
crystal-banner-pennant-spirit	11	3788	5	source/crystal-banner-pennant-spirit.blend	glb/crystal-banner-pennant-spirit.glb	runtime/crystal-banner-pennant-spirit.model.json	b19248952f17fb7a900195a087b3ba65031ea3f56b51b556acd7c8f758c5f05a	eb232fde93ddc95d7dc0dc0d739306c06e1d54ca5e91b1cf9b68071c2da735a1	78ef3a47862ac0ceda761fec6d34fa2692e528429b7e2e0070209ef20860c871
crystal-banner-pennant-storm	11	3788	5	source/crystal-banner-pennant-storm.blend	glb/crystal-banner-pennant-storm.glb	runtime/crystal-banner-pennant-storm.model.json	0bbaf88dc746e711ecfd7e89a56aa3758d4863658597f26264d8f40c79e93dd3	451ae532e7d5e21399a5f9784a6bc26b5813b9905a3d046288080f231a05df56	69c61973cc165a26b9814cb8eba3608e7d594a467ec98d52c736f891a9b115b1
crystal-banner-pennant-venom	11	3788	5	source/crystal-banner-pennant-venom.blend	glb/crystal-banner-pennant-venom.glb	runtime/crystal-banner-pennant-venom.model.json	dedb3e013fdb901b9b0cae93417d57fd0a36424f3362e38a7e55de9b031e4d4e	e3e87cff1b7e061a7bfad4240629f40d3f4aaa120ea50c127171510c9539b41e	164b44771b971b76fd09b48117a27e8aee853f3ed3c6ba4c52b0bbca63a9ac91
crystal-banner-standard-earth	8	2348	5	source/crystal-banner-standard-earth.blend	glb/crystal-banner-standard-earth.glb	runtime/crystal-banner-standard-earth.model.json	1a83f5a01678c82d7ce1b6bc0abe01b78ebf8ce96de2e2c6d1d664cabd795df0	0b7c3f283686d2202c88a54a6bbbcd40cbe4805803487c06102ee7cd6e23b589	8489687c0a2e6b9ea9bd0f04070093f6c491751392dab80cbcbd1fbf5657bf61
crystal-banner-standard-fire	8	2348	5	source/crystal-banner-standard-fire.blend	glb/crystal-banner-standard-fire.glb	runtime/crystal-banner-standard-fire.model.json	2fec5255206f79d3f0780d7f664cd4436a26de4b1ef9bf0307ec678fb8c89e79	3aacee0ca856b6648f57458e63bfa69e3fbc1e846fbdda52f22114dabfea1067	7fa015515b77c37171e066a3f8bc09f70168d2d222d4bc7db88474a6ffaf9aa7
crystal-banner-standard-frost	8	2348	5	source/crystal-banner-standard-frost.blend	glb/crystal-banner-standard-frost.glb	runtime/crystal-banner-standard-frost.model.json	cdd9e976b3bb97bd8a0e6fab3ed4b0e8d0e6a53bf28bf4f45ea0de584e9ee6c4	49a2c8da44c73fc832c3ccf173a9b5092bfb6260e25a48b51ab55cd3c57c9a7c	77ab9bb712b15c43597679cc70b26c54b639bb403f62e6d323cefe949b5a14ae
crystal-banner-standard-radiance	8	2348	5	source/crystal-banner-standard-radiance.blend	glb/crystal-banner-standard-radiance.glb	runtime/crystal-banner-standard-radiance.model.json	549a78a48526ba481e6659cd5925be3d830dba69def5701e4f3d4bfd2af655be	71a42e942a10030d12007f3691a199bb2704cf1c817734fe1d32c3aae554ac70	739d0cf2c13dc444e3b488f49d209a7ec8b95e51a05815ad7f7b0dc4e938ee8e
crystal-banner-standard-seidr	8	2348	5	source/crystal-banner-standard-seidr.blend	glb/crystal-banner-standard-seidr.glb	runtime/crystal-banner-standard-seidr.model.json	0f2a665af84dadb3bde667440e1eafb5561a6f07577eea36354215edff92e9e5	5f025cfd96d614fd2f5bd5f43dfe4625207ead4b2308f4772289c815303c5853	7d786aee73dfe18309e519561b0b5834de61e72d5cde4ac0f770e6d3aa8688d3
crystal-banner-standard-spirit	8	2348	5	source/crystal-banner-standard-spirit.blend	glb/crystal-banner-standard-spirit.glb	runtime/crystal-banner-standard-spirit.model.json	20beca4fe769309ffc665a10965679f3861ec7165b446a9e3d1df9c79aab8797	e1688f0ad7bf8645db9a38b17c6d26bf7482ffc35fb74fabdb76b0a651fb1003	f1febc8b3ebbd60d17fc6e7f739d1b0b7f7dbeda50ba41fedeeb5a0d799bcfcd
crystal-banner-standard-storm	8	2348	5	source/crystal-banner-standard-storm.blend	glb/crystal-banner-standard-storm.glb	runtime/crystal-banner-standard-storm.model.json	c9ca07c2e133dd5d90ef9932134a9e897ec339f879f270d926e9abe4f406c75b	4a0e4e49e5aa35cb2c0c1773dd232e5cf8540b78db89f67ab1e7d4cff7b84efd	7ace7ffa9f0fa7581bc2cc7936ee5107ea09723d1ee16ae3a5319cc0955c35a9
crystal-banner-standard-venom	8	2348	5	source/crystal-banner-standard-venom.blend	glb/crystal-banner-standard-venom.glb	runtime/crystal-banner-standard-venom.model.json	3fa54606951368499dceb5788795daddf353b78d7a1bd65b4401d25f11c8dcc0	cb73b59c2d90112bba4dc77cf27fa0c85463d6b6ca2b6cff58542ce64cb26f92	aa75a1ffe3612f1b8a4817a10d1666fc99ba79257087ce68d0a95a0e46b8c3ce
crystal-banner-swallowtail-earth	10	3384	5	source/crystal-banner-swallowtail-earth.blend	glb/crystal-banner-swallowtail-earth.glb	runtime/crystal-banner-swallowtail-earth.model.json	6784b8f80dfd321e5634aa9c63f0b2112c7eab380d19cbb29cb7d9cead2874c2	49b8f2a64fc5978d1cc340b4c9b8d2f7eea36787a3d92aed6b2ce9da5f09c686	b7138541ef153e33785c3b6bc77e462f9212ceea737391af790bf7b5e33529a8
crystal-banner-swallowtail-fire	10	3384	5	source/crystal-banner-swallowtail-fire.blend	glb/crystal-banner-swallowtail-fire.glb	runtime/crystal-banner-swallowtail-fire.model.json	5f0fdc7597d8a32c9fa9741b552045721257eb0b719c9dcdd41f5c62a2d3d041	8be1d26a4f63da40d6983872fc01f77a04c0cf085656a60d02c8e7f563fd5535	856b053c446ec138721d92b4821d47dfb4f3315cac98a2732ec15d57ba16bf96
crystal-banner-swallowtail-frost	10	3384	5	source/crystal-banner-swallowtail-frost.blend	glb/crystal-banner-swallowtail-frost.glb	runtime/crystal-banner-swallowtail-frost.model.json	f39ff324a2f6f69907d9d1b07da553b509819209ba2fd4f9a3ef03f55323c74c	d6af8c67e2efa08962bf8178db796154ed1c0aeb3a154a5902b9f200417947d1	1f8de5ea98539ce0aae0519a10d1c0bae6ea960ff517703eb2bf7dd1df3a5c04
crystal-banner-swallowtail-radiance	10	3384	5	source/crystal-banner-swallowtail-radiance.blend	glb/crystal-banner-swallowtail-radiance.glb	runtime/crystal-banner-swallowtail-radiance.model.json	a245946f3f9630fb1c6ebefc55128e9013bb0098eb4a7464839ce90a000e0561	41efefebca2706424f69419c8d9117d5ff58fd0dedcdac892fcdcdb67decf587	9101c6793a0a9081df09e5597c72cf73b47b4dad5bf7a7dc682a5df924d81b12
crystal-banner-swallowtail-seidr	10	3384	5	source/crystal-banner-swallowtail-seidr.blend	glb/crystal-banner-swallowtail-seidr.glb	runtime/crystal-banner-swallowtail-seidr.model.json	f4aa4c1746d3373148b0f0b27989ddcdfec0a4a8ebba07aed3662d545b1f3784	91c60d85d19142dd258bab5d69413cbcd68fd9aae54e1fa20ff8feef9ca8b2b8	45aac864aedb66f2a3c41348e99caddda5a2ba7531f75ba4bf3bf045dc9fae33
crystal-banner-swallowtail-spirit	10	3384	5	source/crystal-banner-swallowtail-spirit.blend	glb/crystal-banner-swallowtail-spirit.glb	runtime/crystal-banner-swallowtail-spirit.model.json	d915320c46024cf0fc3d43f046aa4f7c3fb0ee02dbd4ad66dccab9fcb5e47c2f	0e22ccbca08c7c01b46c63b7e9fa51c3c2b832724e6f31cc958702ae94c02f82	eba12a66a77bb1f8d272228d142db1368561af01b37ffdbbda84a8c23e6c338c
crystal-banner-swallowtail-storm	10	3384	5	source/crystal-banner-swallowtail-storm.blend	glb/crystal-banner-swallowtail-storm.glb	runtime/crystal-banner-swallowtail-storm.model.json	83dd03297502a55ce5baf708427cdfabdf81beaf4014b5acd34b1e44e67825de	df6b08d9473e60d85698a888724e9bc7d5a5b2776c4b71f32497f1af5e4204e9	da0beed06f13a6cb63605a5169eb7bc0e507ac57c12e9fca156b540ef7286c51
crystal-banner-swallowtail-venom	10	3384	5	source/crystal-banner-swallowtail-venom.blend	glb/crystal-banner-swallowtail-venom.glb	runtime/crystal-banner-swallowtail-venom.model.json	f5f5e295019508089bbf85dad19aa71d3c8ad3532cc88ae4cc69deffc2e5bc00	5cde0596206ff069b6ed73068b44effb03ad8b4cc683be26872797ce5e2b87fe	35602670d4e425057d801c11c0cffb71c9fb5b8ff7c30fdeb2437dbbdfafadab
crystal-bed-earth	16	2304	4	source/crystal-bed-earth.blend	glb/crystal-bed-earth.glb	runtime/crystal-bed-earth.model.json	da2edb4ed9a3c4dfa7e4a021ac4bf93e36f5c12e11a8325c52627c7afdc436fb	bed8e7a07c669bcf0b620f82c55e124bb06ac0b6be81494cbb23bb749de39028	5dc95307ba29cc026fc02b85adcd46dddb559723786caed5f2510366d0a4fe8e
crystal-bed-fire	16	2304	4	source/crystal-bed-fire.blend	glb/crystal-bed-fire.glb	runtime/crystal-bed-fire.model.json	81e47eb32c6d9d6ba88c4eb6164de20926fb6d07787a23c398f39dfad09108da	c8cbd9ea38c44c4108cf5fae4add2b184b65833162f35c15e8c91d693688cf7e	44fba8f0a4bf575dafd71e5e5c1002b0f2f2019da2159ee462a1edbffba1326a
crystal-bed-frost	16	2304	4	source/crystal-bed-frost.blend	glb/crystal-bed-frost.glb	runtime/crystal-bed-frost.model.json	3be1e5a4a1627313b3f6c53c9ab09bf55d1fc7c41d49734a3a81f874e6bd4ea8	84e567f082ea80cf1d9cc4c3553a528b0cedf942a340ed7c724fdd621f79f720	aa2dad30ab927b629fa7e42a9326b6c4bb3ba4e87a62e9cf69a81410d0ac2e0d
crystal-bed-radiance	16	2304	4	source/crystal-bed-radiance.blend	glb/crystal-bed-radiance.glb	runtime/crystal-bed-radiance.model.json	9481bf081f483a51e8a6b3fab57b1c2ec419db6a2a0b88ad2ed0b5e41f44dd48	fc5cc56e983a8c7355c871bb72bc65fd9f9ab9066d2cef36a0d956f2395348f3	6cab124c8dee07b0ec754bd7353b8c6c2ad68da670c6493ada5e93c22c103254
crystal-bed-seidr	16	2304	4	source/crystal-bed-seidr.blend	glb/crystal-bed-seidr.glb	runtime/crystal-bed-seidr.model.json	2cc05f2fdaefd70a34ce08dce92e69e819e6050f64e34dcdf02179779afc9f3e	d646b6e62d24cadff45a00b74a85d1945a002f24e13aa4b8fc1db8d6823350cb	be480273516adaf3b8b8f0fa0ae1f12a9943362c4ae1e7182687d00db3e7f61c
crystal-bed-spirit	16	2304	4	source/crystal-bed-spirit.blend	glb/crystal-bed-spirit.glb	runtime/crystal-bed-spirit.model.json	533182ae5e5a42182ce5363f74c9fb398ef6a1899700b9e791cd328f065021ae	6c32cfad0bb3b66d0297be9eaf4872d39e082c7f796007abe25974f394fc8c2b	a593ce32d50adcd8a0e5c4a7947ae3228fde36f1d31fa3196d905c400cfb2ab8
crystal-bed-storm	16	2304	4	source/crystal-bed-storm.blend	glb/crystal-bed-storm.glb	runtime/crystal-bed-storm.model.json	7e9af06021d7f6d76c017558a794ed71a2560be822db4554e3be1241308c9495	55f96d00040dd91fcd721eaeeb8ae773ee717bc5ebb3e79eedbc17ca6c97ce40	a0d685a5d31af8d0b7bd5f1adfeff34173c48edd60edd565808abe9724d6a63a
crystal-bed-venom	16	2304	4	source/crystal-bed-venom.blend	glb/crystal-bed-venom.glb	runtime/crystal-bed-venom.model.json	15f65126fdd4e3dfc2762300e875f6d28a716b7b02489d9ce030372553d9b103	be3c2688f1a155641746dd73e4a62fca0bbc2f2eb789a05f309e96ab553a9097	6e4891b728624cf2ebb39c08dee3727e0a5f24d6cef999db554ab886b86a7111
crystal-brazier	20	2624	5	source/crystal-brazier.blend	glb/crystal-brazier.glb	runtime/crystal-brazier.model.json	f19c8ae667549fff4c24f64d4354039e540312626603ad97c8558d854f24d078	73e9126488fc70ce6cc56d5f9389bed0c87a27df949c3255a2ba88589dddd380	a98ddc764ac16989a30148ef44b4a311732f6ed37e45b81410bc8d733ddadb4c
crystal-enchanting-dais	62	8208	12	source/crystal-enchanting-dais.blend	glb/crystal-enchanting-dais.glb	runtime/crystal-enchanting-dais.model.json	bbce20f44274d02a7320872ecab3213bf53e3c23287b72bca415d0189595ba51	5b964b5fa3b93e6ce498a993efd9c772144d3d0dd247c254e9df0c29b3e8ac24	ff27afeb92790c57bd12f8f21da7f22a0e72eb6a6e688b5624fb7139c48100bf
crystal-lantern	20	2552	3	source/crystal-lantern.blend	glb/crystal-lantern.glb	runtime/crystal-lantern.model.json	44285c2bbda9541c995e4f23ebc0c21391364fe8b2204396dbb3d28bff9a81fb	1f195f8bf5c7dbd425ae1ad38318abac235d099e4dce8e3e5bf8e981a8cda9d1	5bdae6e483c635114b0ba3db5fab0ef5ff13a7642b19454ecc997de812d55b69
crystal-sentinel	44	6136	4	source/crystal-sentinel.blend	glb/crystal-sentinel.glb	runtime/crystal-sentinel.model.json	8e81c001e461b08adebe32685800301b1670d8d2c1305def06c16706ef8de63f	80d1872a5a95757e8818a5fc1b62e76a1b13b44cec343d050a7504772218a024	48452f4e962bbdfeb7fc8a12128768b6eb9a1da0474dff795523c878892ab17f
crystal-wardstone	48	5732	6	source/crystal-wardstone.blend	glb/crystal-wardstone.glb	runtime/crystal-wardstone.model.json	7596707d4801d25472576a2a27daf4eb6320597dc797324398dc8f1cc4e30b5d	c5a27c694b5f2dc0c4394e7a34eacb41806df187628f72f4bc7e2c5e5a79166b	002f6746fdd1a940461759e95e8e25198c78fae087d2f0d49bb4748958514de5
crystal-weapon-atgeir	10	2044	10	source/crystal-weapon-atgeir.blend	glb/crystal-weapon-atgeir.glb	runtime/crystal-weapon-atgeir.model.json	701c85101eedfd27421b3eea8bc4610d159801ceb2fdad62c43923862cd948c1	d5f9b9f3c6e32aba2ae7d0e8304a83e7189e9034dae9261fa8dc6eb55f0e33ac	2479bff697fe95f9181949c7025f45cead0f678864951628322a1c3e54e1e3dd
crystal-weapon-axe	7	1700	7	source/crystal-weapon-axe.blend	glb/crystal-weapon-axe.glb	runtime/crystal-weapon-axe.model.json	ced4b8d1a48ac676cd0c16ac7d62af05c7762489d9bc19d695dd27968eb04b7e	84c8a76979cff1bdcedb4ba1901f81917771533bac7d1fa417fd870557e3b323	bda4c817508038a4a9c836a98b4e81e20a538416e808bb80067309fdc6743e62
crystal-weapon-battleaxe	11	2596	11	source/crystal-weapon-battleaxe.blend	glb/crystal-weapon-battleaxe.glb	runtime/crystal-weapon-battleaxe.model.json	faf0a2bb3f71ed862ad120939bb5e8e3e934bb5e393e27751c8731a41647bc9b	379dd26e9610afd92775a29a056e769c6ece0f1f5990f8dcc8a9336ae47609f1	155a78d267a1b04c2b7ea0ab0ecba1ff8832dac8969c546b39ff269656702d72
crystal-weapon-bow	12	1912	12	source/crystal-weapon-bow.blend	glb/crystal-weapon-bow.glb	runtime/crystal-weapon-bow.model.json	762c37279b5ae6422243da93818dcb1c6b6bc48357d34cf7d874e5d8db45a7a8	64eb647cd1e59a4961c4adfd1fac7a2e537d736f11badd7d5117f5a024d833db	9a5827785c30379af8356cd3ac4feb0c9e70f4e48c8d9b051f5da00a4c1724ac
crystal-weapon-crossbow	10	1224	10	source/crystal-weapon-crossbow.blend	glb/crystal-weapon-crossbow.glb	runtime/crystal-weapon-crossbow.model.json	e9886f072c10315fd4130530f0353c17216885fa2db999dcdb7138822cf1fb45	d78a51ce470ac827e74a6299d4838e8951715f521bbe72f15f98c1e8baf93362	7843113ec2893700f9c54fa31f4a9eb9ce3060ea08934d2a226f1b547ad6d9d1
crystal-weapon-greatsword	6	1940	6	source/crystal-weapon-greatsword.blend	glb/crystal-weapon-greatsword.glb	runtime/crystal-weapon-greatsword.model.json	e415d8e282317da06cd1605d5e46c434beccd3416edb29b862c9794b3f36ed3b	b76c40557424560258383c765ef09b445ffb1b5414d2c8be9b0d050927d32e42	7e87e24a1b9cff5dfa4e2e3ecf944db4679627b89cb7de7cadbd489f644891e0
crystal-weapon-knife	5	1116	5	source/crystal-weapon-knife.blend	glb/crystal-weapon-knife.glb	runtime/crystal-weapon-knife.model.json	02b22e35861bd79c2c14a0c769d3cb5334b5f86e7fd72f9cb6b95346ab083c6e	3138e12f579ad2edb6634b18b77ccfd3d39cb69c8986b952278b0ef869190ebc	8f083a4615a9afc5bb9523d56832a9e51c24ae5149acc39ac84550ebb4ac56ed
crystal-weapon-mace	11	2524	11	source/crystal-weapon-mace.blend	glb/crystal-weapon-mace.glb	runtime/crystal-weapon-mace.model.json	13f6f37bc548ad5ac70911986aa3555e710a55bc2fb6472c3a3f23e5bb3a9c67	4e15a6a7ba41a0d51c3b0e5f7efd09960e447f30244d44832b7139076b025762	cc46cd68496844f0215fc310eae6d65f2ec31614f06046641f3d1967e2b0a23f
crystal-weapon-spear	7	1708	7	source/crystal-weapon-spear.blend	glb/crystal-weapon-spear.glb	runtime/crystal-weapon-spear.model.json	361557c8f15ce3cd49bcd13dc8d375c14887991e297621bef630a60880538ae8	2e00b22a9725d28380b67c3a8b5a6567d5e950aeb27ef057056a02e7c4537c1b	f5550429f021cb48cbc06943a04e10ccd43d5c670d81e1a377f6c56c4ab5c321
crystal-weapon-sword	6	1656	6	source/crystal-weapon-sword.blend	glb/crystal-weapon-sword.glb	runtime/crystal-weapon-sword.model.json	f1ada55711d2189bc197f41bfccf2e2b610c9ebeebb9b9af0dc567c41937a63e	80674d507b0c6cabe57a88b5dd83107769abc334d53663cf5c7023adaaac0125	2ed96cd374de2e737921f030094b38258b24cd3887003d2df3f5dc4d8b532378
crystalline-ice-box	27	3528	5	source/crystalline-ice-box.blend	glb/crystalline-ice-box.glb	runtime/crystalline-ice-box.model.json	eedd199ac343a57b945498371c05d84c2e09868b1a114e3ce8abdcf7428084d1	1dc9a4ebb52f82fb2df5ae9dbc15e395f2fc6852fe9e6af3cc1183751183a10b	088d5773ffa3976ead2b9f4383dcd7168a1a54e46a84d69446d41f4682502a17
dark-throne	1274	164556	6	source/dark-throne.blend	glb/dark-throne.glb	runtime/dark-throne.model.json	bcc172a3304c696ee55f68a52b42087fb300384b35ab7dd3424836c90e1d027d	2dd29af13f1b4ad7eaadf564f1ea1a3854944fe57f0c75e2716a2130946e1473	b7c6c638507c1c2d99126195e1a926aafc57b25388ba7ed9d389054782c9b2ba
decor-crystal-coat-rack	17	2576	7	source/decor-crystal-coat-rack.blend	glb/decor-crystal-coat-rack.glb	runtime/decor-crystal-coat-rack.model.json	0b28752d3586aa60b5ec1ec56e2e19da87234eb1d0d4e61cfe5dd72a90ca6eeb	f25b939e8f4895388bf6d9c574ecfa8b80af4d157a73260cbaf858c2648f3ee8	ce89a53feb9ec9e7b5470770de22936fc173441243cc1fad241899ab3c75eb8f
decor-crystal-end-table	8	1376	5	source/decor-crystal-end-table.blend	glb/decor-crystal-end-table.glb	runtime/decor-crystal-end-table.model.json	0c647e924a4271ac0669ba84bc52cbf0998d4a47615c535ca8733e84c3666ad6	0c56d77cf40beefe7897cdb6a418802ef0d9a1034e113be47f14a419a976c1d0	0090393a36bed2401a368dc1f32f5d8bb93752ca504a02dd0e49fbb1850bff87
decor-crystal-wall-sconce	6	200	6	source/decor-crystal-wall-sconce.blend	glb/decor-crystal-wall-sconce.glb	runtime/decor-crystal-wall-sconce.model.json	fba8360e6ae35fba43653d7ba6131863db6b0f6b3ce1d1b60d235f1d6b5bec5a	0d549dfbd8aec8bc69b0e664c87d3e8d60cca0834645bc2a56019e8845856055	4c772c82be6083ecec79ba1eb52c73f1b08e54129ab6549ab2dd72f313208caa
decor-cut-geode-plaque	18	2232	6	source/decor-cut-geode-plaque.blend	glb/decor-cut-geode-plaque.glb	runtime/decor-cut-geode-plaque.model.json	9ebc4d9e0668106d43354a0701534a3b86a41008779f1b6abac5c66fc711735b	3d5d91770636735888a76abd8404f0c6f28dd880a6cc2da99a80481b157d2419	73e156bf01ef4771451cc267b45f53ca3cd20e0eb9e753552845d42b56e973d5
decor-geode-bowl	16	2360	5	source/decor-geode-bowl.blend	glb/decor-geode-bowl.glb	runtime/decor-geode-bowl.model.json	0e688cbebbf5007277b5a742d9601dd727ad5e4cfc9858043e856ac545b73a32	064c0a8390d902c2e7a2870da451186773ff6a9f99f9170de9878af3ccf9ba44	045f1c809f67724bb15c9fc07b3d7afa97f0a2a248d128a7f0bd76e9d60c6ac9
decor-geode-hearth-mantel	32	3876	8	source/decor-geode-hearth-mantel.blend	glb/decor-geode-hearth-mantel.glb	runtime/decor-geode-hearth-mantel.model.json	0395f4954a5faef566aa02ba01fc7b8cfd5424d30f036779d9effaf39d061b4f	88a1b8a844e7e6bbfdb8f5462e5e8dd2867199bd66811a83458b6d0e592cdb31	837e47179ada4222982460eaea9a302f761af2e410a9fc4c2802af514db683b7
decor-geologist-stool	6	1028	4	source/decor-geologist-stool.blend	glb/decor-geologist-stool.glb	runtime/decor-geologist-stool.model.json	a37584c8eb88369e12a231653d0a1e05227607e1126f68ef09abfb89149a00b8	a1e624b4f345ed02ed4d5a8d381c5d71f1e4c656db02a00819c93c09229328bd	491f8c4b971753b110fa9d201b36c3dfc9d07f8874c729e3f76e659d1241dbe4
decor-mineral-display-case	22	2616	10	source/decor-mineral-display-case.blend	glb/decor-mineral-display-case.glb	runtime/decor-mineral-display-case.model.json	151fe787d7e35729832dafee5c763018acb567006eb3aa3ba689e1fabf5256ce	15d45c56bc0d8f4e5492a8183b3eab945d38579986ce837452b6d4b0d9058ffc	694986d5e060d86dfb148957683759903c6937cd3bd2e3c83dfcded5c8d12f44
decor-specimen-sideboard	22	2952	10	source/decor-specimen-sideboard.blend	glb/decor-specimen-sideboard.glb	runtime/decor-specimen-sideboard.model.json	9efca6c379a7d59118c3253bd65702ee97f1bb872fb66e37a6ef66d9b86daef1	e76209ae406f893f76b9513a33f2b670a3e5bb5a0f129e5e48bd276cedf1d89c	cd0bc59c0f5c9236e77f81520743b2e9715e7e9816d28c19ab15f1fd75054de1
decor-strata-map-table	14	1752	8	source/decor-strata-map-table.blend	glb/decor-strata-map-table.glb	runtime/decor-strata-map-table.model.json	58a151893e9eef3d6d35af8188d98fa29b6f34355df10a86b3b258204fb0f542	5748cbb53626f14d56f8a03ef63fdd935934b81b3dc148deb30681cbf54b0d26	270cd8aff8ce799ad2c59b75658bdc81ed1408d6f96f336a564b6af3d4cb51f1
deep-fracture-creature-AnnoyanceWisp-earth	7	1404	3	source/deep-fracture-creature-AnnoyanceWisp-earth.blend	glb/deep-fracture-creature-AnnoyanceWisp-earth.glb	runtime/deep-fracture-creature-AnnoyanceWisp-earth.model.json	297e9ff9d40712207a75feed6a80cd148692c12fc55e6d1c8569e873ddfb84ea	cc5d471102a9e5f4d31a2c33497ef5fbdf91635ffd82930f829927dfcb5c0c83	12858a5f83259815e9c73148884a562a8f680d9c5b9c6e88fc385c549b38d8a5
deep-fracture-creature-AnnoyanceWisp-fire	7	1404	3	source/deep-fracture-creature-AnnoyanceWisp-fire.blend	glb/deep-fracture-creature-AnnoyanceWisp-fire.glb	runtime/deep-fracture-creature-AnnoyanceWisp-fire.model.json	fd62d1564a26fe479e0ab5e20a391cf2966fed364feaebfa0dde957589802f39	81359afad037570daaf654087fc4d39a0068c5f8341b9661e0763d1ad4cddb9b	5741e25d03fe6f226418519210eb825507926dc1692e53fe9153800ac64a1417
deep-fracture-creature-AnnoyanceWisp-frost	7	1404	3	source/deep-fracture-creature-AnnoyanceWisp-frost.blend	glb/deep-fracture-creature-AnnoyanceWisp-frost.glb	runtime/deep-fracture-creature-AnnoyanceWisp-frost.model.json	0c32ad32ca920e674ef2437540ed19f3d32b83cdb8e83bda5737a30703b94111	c3559239aa356d4195907422a7bb1a17bea907479dab314d6e5366bccbd94ee3	dea119b896f9ffb12e0648a153ba9df9e9c5d39df56e56524b7902601bc893a6
deep-fracture-creature-AnnoyanceWisp-radiance	7	1404	3	source/deep-fracture-creature-AnnoyanceWisp-radiance.blend	glb/deep-fracture-creature-AnnoyanceWisp-radiance.glb	runtime/deep-fracture-creature-AnnoyanceWisp-radiance.model.json	a51b6061cee32c3e3702ef002a5bf6412f04788896cfbc5f5559d1ad329c9d90	8a200df1c436eeac8cec93f4d8b2e8c2639945ffd22d220bb89b4884c3c1a469	73900c3ead270fb3ad58d7283d06ace45dd17179d401239dc3a0060ee1d1c43b
deep-fracture-creature-AnnoyanceWisp-seidr	7	1404	3	source/deep-fracture-creature-AnnoyanceWisp-seidr.blend	glb/deep-fracture-creature-AnnoyanceWisp-seidr.glb	runtime/deep-fracture-creature-AnnoyanceWisp-seidr.model.json	647f4267eb5f4cc0bc851524fb79feb644e998edefc54dac66eb3dae927082e5	e332323c3ee92992bc48539f681cfb15b6d401813748a889eac394ad85428c12	f7f96c965d664e46ac858b7d3a903986766b8ea4c07f010a3fd93ebf81ee846b
deep-fracture-creature-AnnoyanceWisp-spirit	7	1404	3	source/deep-fracture-creature-AnnoyanceWisp-spirit.blend	glb/deep-fracture-creature-AnnoyanceWisp-spirit.glb	runtime/deep-fracture-creature-AnnoyanceWisp-spirit.model.json	f04fce502714834b5aaf06345ce7466d117f03b88a56d575d92a164cca59d476	e951f1294c400542413f534e414e97b0d8d8fb419660c0be4815c9da2af9ea17	e54774b69bcb7f67169958193e05fb8fbe2639576a3c431b0e62446488d80a5c
deep-fracture-creature-AnnoyanceWisp-storm	7	1404	3	source/deep-fracture-creature-AnnoyanceWisp-storm.blend	glb/deep-fracture-creature-AnnoyanceWisp-storm.glb	runtime/deep-fracture-creature-AnnoyanceWisp-storm.model.json	6c0af21b2db1c4aad63913b20d2ad4bdfca50496e0c775879cee51261f6de7bc	bd8428456a4e44e419b22ae084b8ef97b32cb2ccd2417011093caf6828a08581	8ee7d6f50c26f95b6ea8b3b3736a0a16aa9c68c1cf0bc2dac380d05c0cfa741a
deep-fracture-creature-AnnoyanceWisp-venom	7	1404	3	source/deep-fracture-creature-AnnoyanceWisp-venom.blend	glb/deep-fracture-creature-AnnoyanceWisp-venom.glb	runtime/deep-fracture-creature-AnnoyanceWisp-venom.model.json	f56fe397656200ef6bcd0b082bc1d90f7c30cc2a001a07debd81872638932b70	51c97f49767f9afb4294c076b3d8f06f28ec09218cc7665c9b7072083b06f752	15a5c76db154ee6675d3f7bb633ca61dbe7b4d98f58f532b0cad699cce7c2500
deep-fracture-creature-Burrower-earth	22	3836	5	source/deep-fracture-creature-Burrower-earth.blend	glb/deep-fracture-creature-Burrower-earth.glb	runtime/deep-fracture-creature-Burrower-earth.model.json	8b3d99b26fcf37b0f7fefa539546abe0f2fde01573270cc03494edf714985fcf	f41e0cee22d696b2aa828b211da1c873bb8c941fc7ea105e6c6d463eab0daba2	641fce3a6e2a4dd9555b48a4f70e6173e7194f1886ee8b24912abeeabb8026ea
deep-fracture-creature-Burrower-fire	22	3836	5	source/deep-fracture-creature-Burrower-fire.blend	glb/deep-fracture-creature-Burrower-fire.glb	runtime/deep-fracture-creature-Burrower-fire.model.json	2f1c2dfd52f27dbf387fb516a668df5526a7454cf026ef152a319c8397cefbe5	942b278d5684ab4bf9b851830a8562e8a22551bb6887bdca8c6d8dc2fd970bb8	54e2cfde1b7c9a42ee257dd41f1df4d61cf2c64bc465245d04e15a8b1fcde616
deep-fracture-creature-Burrower-frost	22	3836	5	source/deep-fracture-creature-Burrower-frost.blend	glb/deep-fracture-creature-Burrower-frost.glb	runtime/deep-fracture-creature-Burrower-frost.model.json	9485aa3015e150486a3258b49ee760f5773ce4c7fb7d2f658e6375f430685426	37c214c60229c16e7a5c97fbc901cbe1be13831e8f99abbf7716fb5c03e47b80	a34cb4a54fa693417b59ecd01db51f37af98896c627875e4db70e6ea87286c19
deep-fracture-creature-Burrower-radiance	22	3836	5	source/deep-fracture-creature-Burrower-radiance.blend	glb/deep-fracture-creature-Burrower-radiance.glb	runtime/deep-fracture-creature-Burrower-radiance.model.json	f1168713107af58467f7adeed9b0cbbb041f56ed3f9b9b902772e279ffd04c68	723723ef47ec4c68c8d1fb810ff7484a388981ad57da8c3fe4315a5a0ea0b02d	94cbfa2e2651eccc19735b2f0565f264f5cb94181a9732a7776634d2fe133264
deep-fracture-creature-Burrower-seidr	22	3836	5	source/deep-fracture-creature-Burrower-seidr.blend	glb/deep-fracture-creature-Burrower-seidr.glb	runtime/deep-fracture-creature-Burrower-seidr.model.json	61c1ee2fc06b529eddbc828e042581cd1ea33cc08fa39b284f8dfbbd63583ccb	5c8ad50e90c3b63a88e017c46f2a2e0ec3cbe9b0509ea768142fde380890c0f8	256e4089e66a6dc1568c24b37197d7223573e6d8e51e6960ab7fd404b9f620b7
deep-fracture-creature-Burrower-spirit	22	3836	5	source/deep-fracture-creature-Burrower-spirit.blend	glb/deep-fracture-creature-Burrower-spirit.glb	runtime/deep-fracture-creature-Burrower-spirit.model.json	c639d8a7f3d5055642a8394052aea45927e4ac411ba116d02aac36bd0ab0a652	00f76c0797db07c8a59874397c72f27010efdd068a79550628112005d82a06fa	2ee7e33d461e6d50fae11b015c4f97d7996a4a6de1ff40e5cb8dff472d790909
deep-fracture-creature-Burrower-storm	22	3836	5	source/deep-fracture-creature-Burrower-storm.blend	glb/deep-fracture-creature-Burrower-storm.glb	runtime/deep-fracture-creature-Burrower-storm.model.json	4149f324b7db1e60b474deb73db530aafa99a5ec9e51b718538ae1789b84406b	5e15037b54a5775c62ac2b5e4b97ad8c46e0195f18d8b517c1c736d5ab0190da	c59753b7ad19de5ac6da26aed60d3aa95fbdaf63d84856f859d50006827bd235
deep-fracture-creature-Burrower-venom	22	3836	5	source/deep-fracture-creature-Burrower-venom.blend	glb/deep-fracture-creature-Burrower-venom.glb	runtime/deep-fracture-creature-Burrower-venom.model.json	14c97a7a8d9aff443eae9a30b05c2f7985cb0370bad9a22f5b22af850d4a600c	b7bcdc4271f77f73b03520e2afd7a2f0c8a64e4a8c1ecf1fd75606d3d42974a4	e0e0747b20629118c6f59a5cdfccb48300952b2993252f2f38ff7795ec8bed7f
deep-fracture-creature-CrystalHound-earth	18	3132	9	source/deep-fracture-creature-CrystalHound-earth.blend	glb/deep-fracture-creature-CrystalHound-earth.glb	runtime/deep-fracture-creature-CrystalHound-earth.model.json	9f9bf1dd5eaeb7316f7103563be8860529a8f5702c46b5af152e677e2883ad89	bb126617c46fc9961c523ae7e957f6960a1c19b8347f72f3ea62464f93554e8d	26c315171fe95f5b9ff525e879c258dd5cc28e2ddcead3a500339fa62b9b68ae
deep-fracture-creature-CrystalHound-fire	18	3132	5	source/deep-fracture-creature-CrystalHound-fire.blend	glb/deep-fracture-creature-CrystalHound-fire.glb	runtime/deep-fracture-creature-CrystalHound-fire.model.json	20cbaf71f5c9b98af9487714599986e961a26a214473b623fe89926ac36d8828	6681bf39f308f7e481697dd1f05ffd6eafbd6bfdce737efb232e46fd37ceb854	48c617923a34c1e28f6aad8653a016ac728cca0484396819fd39ddb3128f73b3
deep-fracture-creature-CrystalHound-frost	18	3132	5	source/deep-fracture-creature-CrystalHound-frost.blend	glb/deep-fracture-creature-CrystalHound-frost.glb	runtime/deep-fracture-creature-CrystalHound-frost.model.json	e3272098267e95288f5cd1c724d92a09600a1f5c5a3cdfd9416359c586aa0a13	1fcac6bc3e24dd54b273d8f4fd23ef72ce76fdfac21fdabbba34fef3c17a7628	96c02886dc98fcd7fc1e26a6700419c19e99ca87e0f8c02474e353729a1b1449
deep-fracture-creature-CrystalHound-radiance	18	3132	5	source/deep-fracture-creature-CrystalHound-radiance.blend	glb/deep-fracture-creature-CrystalHound-radiance.glb	runtime/deep-fracture-creature-CrystalHound-radiance.model.json	692c31734e9b639b917b524205f02f0b65dc7621bfa81416b9997e43a6ff9732	b44449363c5d154603fe8962fd1c5cea86b945ba851601790b68e5ed78e4fa9c	0edbc40dda23156b40c2927c84ddff313091eb4e256457c32ee7472c227d2518
deep-fracture-creature-CrystalHound-seidr	18	3132	5	source/deep-fracture-creature-CrystalHound-seidr.blend	glb/deep-fracture-creature-CrystalHound-seidr.glb	runtime/deep-fracture-creature-CrystalHound-seidr.model.json	9409d1dc23a82bda3a7d5b947b7bf0843eada96d289a0212b41eb2aa526fc66f	384eb87e4df425ffd5d431698f16a676d3c6975f83a751e12b10a5a9220bc74f	09ed3c0f82fd79d3794b5dbad5ce9b85027af9eec863df67a1b8df15bfb26b7b
deep-fracture-creature-CrystalHound-spirit	18	3132	5	source/deep-fracture-creature-CrystalHound-spirit.blend	glb/deep-fracture-creature-CrystalHound-spirit.glb	runtime/deep-fracture-creature-CrystalHound-spirit.model.json	97dbaa537ce10a4b2208185794342a2a2df84272959f08b6a19a85fde08ca4ce	42b298e11a7b5e152eeb41ca542cf0ec4c70cf9a37434d270543135d59b18353	3489deb4648394cd7fede577961d0721a894abe5b955caf5af83677722eddeb7
deep-fracture-creature-CrystalHound-storm	18	3132	5	source/deep-fracture-creature-CrystalHound-storm.blend	glb/deep-fracture-creature-CrystalHound-storm.glb	runtime/deep-fracture-creature-CrystalHound-storm.model.json	cbf74701556489eb0e929f44f3216f8cc23c5e0891d7224e0c521397be6c25aa	ab53ec7801d40297d3b110f1ae91bd23724b1a99ffa5535d982606bc7e801ad0	8222a82f52931353f5f285b17b047138e8ee6d29954823f692f740d36d0eeea9
deep-fracture-creature-CrystalHound-venom	18	3132	5	source/deep-fracture-creature-CrystalHound-venom.blend	glb/deep-fracture-creature-CrystalHound-venom.glb	runtime/deep-fracture-creature-CrystalHound-venom.model.json	03863d3feef8a45a5b94420c85bd09e060a99939fc58e62a95cf49fab0bc0620	51104bf6c991314cdd332255470296fe2b21ca41256f9af3bab43040f5725ee2	d76adc398f2693dcda4f46d192019e039b39062ce4375f65c4ece519fd4c0599
deep-fracture-creature-CrystalParasite-earth	16	2800	4	source/deep-fracture-creature-CrystalParasite-earth.blend	glb/deep-fracture-creature-CrystalParasite-earth.glb	runtime/deep-fracture-creature-CrystalParasite-earth.model.json	13999ccaa55efd2d86f3923dfe85e245a93ee1663aa9023aa2f4c17fe2210f02	3cfbc8914992053b9daf8c6c7534326c2f02e76901dd4e00723eba66ed8264aa	94ea602364ce4d6c7bfe530b246c84295642cb1d5654f990897c7aa4035592b4
deep-fracture-creature-CrystalParasite-fire	16	2800	4	source/deep-fracture-creature-CrystalParasite-fire.blend	glb/deep-fracture-creature-CrystalParasite-fire.glb	runtime/deep-fracture-creature-CrystalParasite-fire.model.json	345b1f50090d2d358447b2f32ea3af55e2906bb012ee238782ea70057790c60f	f09542e7de2145be1fcafa24c38722858536008474a65cf3b5a349e54953e277	08e85b4ea541f6fdf5983107501f457ab525e9b39f35df39196d15952b86b907
deep-fracture-creature-CrystalParasite-frost	16	2800	4	source/deep-fracture-creature-CrystalParasite-frost.blend	glb/deep-fracture-creature-CrystalParasite-frost.glb	runtime/deep-fracture-creature-CrystalParasite-frost.model.json	59c76ad79b65521519c17a4f1523bef8196fe3f09962a8b66d5e4c7a28594fa6	ca8b51488c8c493dd7deddb1ff2d682b1cf0e3ab5d1f467aa13117aee825847a	83dceaeae0c6048c70d5264614066246608260e173f0c85cf82b185a711ea1b3
deep-fracture-creature-CrystalParasite-radiance	16	2800	4	source/deep-fracture-creature-CrystalParasite-radiance.blend	glb/deep-fracture-creature-CrystalParasite-radiance.glb	runtime/deep-fracture-creature-CrystalParasite-radiance.model.json	34c685d820f7a25e5f3c6e873db834a24e8cd7fa15afeb46c4dc9d9c0dfea9e9	64f320b9654d6bb23585e1131a2bcc6c20e1fa401c677d75ed1904504667a1dd	d78ac8a04a262e96f6f3765573e124596809079b63833b51197f82d209b27dfb
deep-fracture-creature-CrystalParasite-seidr	16	2800	4	source/deep-fracture-creature-CrystalParasite-seidr.blend	glb/deep-fracture-creature-CrystalParasite-seidr.glb	runtime/deep-fracture-creature-CrystalParasite-seidr.model.json	8fccd2969d4c43658709891548aa2ec73e0bb57868792bf3813a9a5817ec1513	d767876a3030e923e9009d977fe8c897dcad5d7df75a02fe3f303532f1249fea	3336f5d514d5b32d936e8c4e2a8505a37f9413186ae780754f547d0603661447
deep-fracture-creature-CrystalParasite-spirit	16	2800	4	source/deep-fracture-creature-CrystalParasite-spirit.blend	glb/deep-fracture-creature-CrystalParasite-spirit.glb	runtime/deep-fracture-creature-CrystalParasite-spirit.model.json	82860ff4ac91544f718fc507cff8e86039148f02942804ccfea730745a230a31	5afa8e95a4680f290064b51121eeb2055b4d8ef7780019206938975453f4995e	fa1a3537efc268824e8e8c43c0f64202040c30de0fff12251b192b420a303f48
deep-fracture-creature-CrystalParasite-storm	16	2800	4	source/deep-fracture-creature-CrystalParasite-storm.blend	glb/deep-fracture-creature-CrystalParasite-storm.glb	runtime/deep-fracture-creature-CrystalParasite-storm.model.json	5e4c8a4624e345615d1be8a684e7a784fe316bcee6d330afac85a1d5be46665e	1af0576f5153a22c03fb322dade3e2ab9161c6a99a8c9dde33c466807fc9144a	e6a9fc41ab9192746eb5cbb9e90d53633700e645063ba03a0999a3bca0a5d36d
deep-fracture-creature-CrystalParasite-venom	16	2800	4	source/deep-fracture-creature-CrystalParasite-venom.blend	glb/deep-fracture-creature-CrystalParasite-venom.glb	runtime/deep-fracture-creature-CrystalParasite-venom.model.json	3c7f4abf7e3140077dbd5e0e27c39437158c289ca7694163824389dcc65fb84f	b66bfba1632e62282aac3e22181fee5feb632584d47d2f60c7b8246953cbd0bc	497a70fceb8130140fd4f3e03f316ff7b874a90d6bfda2747c71b54ed1fc5fe1
deep-fracture-creature-CrystalRevenant-earth	14	2440	4	source/deep-fracture-creature-CrystalRevenant-earth.blend	glb/deep-fracture-creature-CrystalRevenant-earth.glb	runtime/deep-fracture-creature-CrystalRevenant-earth.model.json	2366d5f0a8fcf2d888994daa7054f80ec91b947f95748eeb4037561826528297	ccaaf92340ef9c4b4a0dd0aa7c3bf0b421cd6fd501704ef868a9504740c8f90f	5b5ca0597b0a2941d2188e735b031c23dd9b2bfde755e24e7f9fa9cd58d66e5f
deep-fracture-creature-CrystalRevenant-fire	14	2440	4	source/deep-fracture-creature-CrystalRevenant-fire.blend	glb/deep-fracture-creature-CrystalRevenant-fire.glb	runtime/deep-fracture-creature-CrystalRevenant-fire.model.json	938c42419ba4ecbfaf079fcd861097a439e9c971298e86a876315f883b91d576	8ac4cb04a4dd7ca1f5e6b56547fb6cc8d480239ed626dac3e4cdaf0daabe342c	0e844e2a331b4b82d3ade30480e422000225dc4a5d6a84c7353da4a9b97c007d
deep-fracture-creature-CrystalRevenant-frost	14	2440	4	source/deep-fracture-creature-CrystalRevenant-frost.blend	glb/deep-fracture-creature-CrystalRevenant-frost.glb	runtime/deep-fracture-creature-CrystalRevenant-frost.model.json	16a8a5da2c9323e5086d93d612f1f89aa47c6c9a4a71674e2a5425a89bb8f796	beeb3e57b232dcc79852e158b6bef47d99524842486045b4009b189e8b742cd6	606962ba865cd6300b5c6dec85bb2565dfeee208845cac3e3cbba161b98928d3
deep-fracture-creature-CrystalRevenant-radiance	14	2440	4	source/deep-fracture-creature-CrystalRevenant-radiance.blend	glb/deep-fracture-creature-CrystalRevenant-radiance.glb	runtime/deep-fracture-creature-CrystalRevenant-radiance.model.json	95d0eadbd2d989c006b2bc3c4618399267ba714a5b1c951d2c0189501cb32ef1	3d68da6000d8aa2fed71cb0b0ff21cd72a0ed10c4d6843a8a72a9a7ef8d5c2a4	127553dd577762a7c23da11232ecd48b4b149a7e0b7f2976d6955f1e0ae7a12b
deep-fracture-creature-CrystalRevenant-seidr	14	2440	4	source/deep-fracture-creature-CrystalRevenant-seidr.blend	glb/deep-fracture-creature-CrystalRevenant-seidr.glb	runtime/deep-fracture-creature-CrystalRevenant-seidr.model.json	465159c2a99d352c938a01c552fe543d607211518eae155d38e8529bf3c1ff06	4f0c1d169d6a613f46318e9f2bd66618b3c3057f41450094f54ee5f3592c94f7	ced7970c1422a67fe797acde66f2c0356129254ea4e3698c99f9200209d895a0
deep-fracture-creature-CrystalRevenant-spirit	14	2440	4	source/deep-fracture-creature-CrystalRevenant-spirit.blend	glb/deep-fracture-creature-CrystalRevenant-spirit.glb	runtime/deep-fracture-creature-CrystalRevenant-spirit.model.json	e7462b41dcf0734a3fa59241a040fd7597f78d59edd085e148b21c991dd87476	2c19f5aa8a2e540efcc158b3b6bf6e20f763b567c0c317ec7b25f7cda8e730bc	b5633d16b02a12614a957782889d0436ebe6afac857ef60e7af50c764ba1591d
deep-fracture-creature-CrystalRevenant-storm	14	2440	4	source/deep-fracture-creature-CrystalRevenant-storm.blend	glb/deep-fracture-creature-CrystalRevenant-storm.glb	runtime/deep-fracture-creature-CrystalRevenant-storm.model.json	140244c5f79adfa466f2a22d374d0a0a9d356e3207eb59dd7811aa37f9ee0d0f	79fdeef289c817bb2bb4f51a4a37171acd5ee4fe95c0e16f524f668aaad73646	dd2346d6955c17bea96970eef61244108b1022ae94a9d69ecc93e93492f03058
deep-fracture-creature-CrystalRevenant-venom	14	2440	4	source/deep-fracture-creature-CrystalRevenant-venom.blend	glb/deep-fracture-creature-CrystalRevenant-venom.glb	runtime/deep-fracture-creature-CrystalRevenant-venom.model.json	0796425a7b866c04678767c078caeec4689e3ac4dd8f0b4ff30d372e220df801	810f841d993155560855115d08b73ddcb1dcad56ee6bd3ad056f8946020924b8	7f7c9e5408d9d321e896190e28099a66e399aaeb2c13ad162b7cacf95f729ff0
deep-fracture-creature-FacetSentry-earth	11	1792	4	source/deep-fracture-creature-FacetSentry-earth.blend	glb/deep-fracture-creature-FacetSentry-earth.glb	runtime/deep-fracture-creature-FacetSentry-earth.model.json	8c1c8245b61e3e5eba530088b75b92ed6632e40ee573ce503067288065913ccc	4227cb7596c4e6480d2a5131442670d34e7a752621004d2298d4b1f67095b689	f1a0e194114b3eeafa5c80f8a04c367ed63270be195359dc4416e2cdbf31da8d
deep-fracture-creature-FacetSentry-fire	11	1792	4	source/deep-fracture-creature-FacetSentry-fire.blend	glb/deep-fracture-creature-FacetSentry-fire.glb	runtime/deep-fracture-creature-FacetSentry-fire.model.json	7b54540b19800c13481a9aad6c50a0b1e86447985ab9426d215773f560401d18	d71acb7e4f330767997addfdf847e427fb5cf745330a60a885bc1ed63780219a	923facd3b1eac84c27f00fe8d92777d0b3717ccccce9c0a638ee38fe1ce733ea
deep-fracture-creature-FacetSentry-frost	11	1792	4	source/deep-fracture-creature-FacetSentry-frost.blend	glb/deep-fracture-creature-FacetSentry-frost.glb	runtime/deep-fracture-creature-FacetSentry-frost.model.json	9e52895ca91bf57ae464872a642aa0900845b5cd439998be10360848733c8eb2	04de5a55e2a0d0fa223c7a1f045990cf99d5085a00852c44910901fc1c7a52b8	c48e5ca2cdddd4ccaa932bd905486a2e38d00c8ffde6e387dfd03ce19f0fed46
deep-fracture-creature-FacetSentry-radiance	11	1792	4	source/deep-fracture-creature-FacetSentry-radiance.blend	glb/deep-fracture-creature-FacetSentry-radiance.glb	runtime/deep-fracture-creature-FacetSentry-radiance.model.json	0b409bbb21f71470edb07dc53ccb0cf658dee860b124734a306db6092713abcd	c4774b80e91709eaddbf461acd16738ec49e6309397b7dd7b37ae87d921abb78	c9ffcd4aef20b3a7b5ff15ba4a849ef201e6291f4babc34bbb3b9afa77d4c2a7
deep-fracture-creature-FacetSentry-seidr	11	1792	4	source/deep-fracture-creature-FacetSentry-seidr.blend	glb/deep-fracture-creature-FacetSentry-seidr.glb	runtime/deep-fracture-creature-FacetSentry-seidr.model.json	137c3ac811956d184c83f0ccb165ef5566d9fb88abcfd5819d066f93bd0fb4bb	dae7056841a577180b5ba7e0f99418cf231077b43b0cfe83aac64aad3a7bda2d	5b8c55da70ccf8d40d750d7e55b8a37ec1226e0d3300b2108f6bf56052d89cda
deep-fracture-creature-FacetSentry-spirit	11	1792	4	source/deep-fracture-creature-FacetSentry-spirit.blend	glb/deep-fracture-creature-FacetSentry-spirit.glb	runtime/deep-fracture-creature-FacetSentry-spirit.model.json	9492c0b82a242d153dcc87ac46fb8904a8bc423dd4eb182297e9b3e0f5329bfd	5065415f1eba49384e2b74ff98dfc32403fbfaa2d12537d23b065b1e3a98620f	fccedbb364bec534a3e266f5d445c4d79833f3a873f0b8b867f727c731df713e
deep-fracture-creature-FacetSentry-storm	11	1792	4	source/deep-fracture-creature-FacetSentry-storm.blend	glb/deep-fracture-creature-FacetSentry-storm.glb	runtime/deep-fracture-creature-FacetSentry-storm.model.json	2a9a5e46277a3b732105c8f457ad24ce310faabf5d3ba92bc4401f1c3b95b06a	52a2c9d8fbbcbe7fc2e0a0c4d865d003f058bca7d7432c920dd10540e0d14868	ce9e2b05b9a6bcb0146fc1b044d7f6883134bc62bc420fdd5ad616f8d6fc4e8c
deep-fracture-creature-FacetSentry-venom	11	1792	4	source/deep-fracture-creature-FacetSentry-venom.blend	glb/deep-fracture-creature-FacetSentry-venom.glb	runtime/deep-fracture-creature-FacetSentry-venom.model.json	a882b9dbd1aacba1428c66d535821698e265be74f7656986732092efab6b3801	8144619feabc34631ff8da38ec6edd79c75f6a87f58dd93e89bd807ebc4fc209	ab207012adf6ce4ecb6577ff9235ae8e3ff9e3a136a912a2e5fb09c03102131c
deep-fracture-creature-GeodeCrawler-earth	11	1740	4	source/deep-fracture-creature-GeodeCrawler-earth.blend	glb/deep-fracture-creature-GeodeCrawler-earth.glb	runtime/deep-fracture-creature-GeodeCrawler-earth.model.json	5a99d0976103e83436eb331d5c09bba6a79c9f142de75a483f887f120aa1f3fc	ac40be1e664bd6700dd8aa1fbcef66d0a1ce21bba45998bf04d0b93149ec2eee	9bd30aaa35daf5b05476f3d2226fb071bd5cd960e94a4c6c8a3f386d92d7fbef
deep-fracture-creature-GeodeCrawler-fire	11	1740	4	source/deep-fracture-creature-GeodeCrawler-fire.blend	glb/deep-fracture-creature-GeodeCrawler-fire.glb	runtime/deep-fracture-creature-GeodeCrawler-fire.model.json	41de9c04fe45a3fb0059dca8698679fb82b12605a77ff91fe5ea8853b46028d4	1dec3abd7378e9cd2d0ad2463cb0efab217e5ae293d00074e49211412dd4f246	96ba3bb31a7c383f17e7cbbe2f092b950c43ecbe203a6a4c1bf0d970099c7418
deep-fracture-creature-GeodeCrawler-frost	11	1740	4	source/deep-fracture-creature-GeodeCrawler-frost.blend	glb/deep-fracture-creature-GeodeCrawler-frost.glb	runtime/deep-fracture-creature-GeodeCrawler-frost.model.json	0f72c2e4405e4ba4f6385521aa86b4c7110516a41c8c0a73f584c050ea3d2bf0	902be9068eeb6b60906a09915a2b1b3b62bc20b64d77c5b4f44655a54e3a841a	66f14a94130eb77202683b50d490ab2469af6156f5f14d3cd062a4d620659e15
deep-fracture-creature-GeodeCrawler-radiance	11	1740	4	source/deep-fracture-creature-GeodeCrawler-radiance.blend	glb/deep-fracture-creature-GeodeCrawler-radiance.glb	runtime/deep-fracture-creature-GeodeCrawler-radiance.model.json	5a3df5a02d8cd25adce1c35dd88de2ed171c5bb65ed4ce82dcac7107e1d8f884	9b3bff20c852cd62479447710df6b9475fa8ac597874112f85d1ea56c2094a55	3aad12f930afef6f234cd209da19c7a76284328baed71cdda7562a26f7c5657f
deep-fracture-creature-GeodeCrawler-seidr	11	1740	4	source/deep-fracture-creature-GeodeCrawler-seidr.blend	glb/deep-fracture-creature-GeodeCrawler-seidr.glb	runtime/deep-fracture-creature-GeodeCrawler-seidr.model.json	a73b71ebc2abb523c14023c7efa95047a460e58d19fa2185fb84b614b7378797	567b5abf4720ad592e88cec076e0b8f14740ea04f4effea02835c1b304826310	c2c2dba1cc3da97d33f742e44f11de3b38c237ea79a1034baaeb13cabddbb77b
deep-fracture-creature-GeodeCrawler-spirit	11	1740	4	source/deep-fracture-creature-GeodeCrawler-spirit.blend	glb/deep-fracture-creature-GeodeCrawler-spirit.glb	runtime/deep-fracture-creature-GeodeCrawler-spirit.model.json	a70c674ab5023408fe4acfb33f1c3e1086df84ec223e6f7eba55777124b215da	c76ce992d099633a3e47e087f0f3b3b911fb7d4fe035bcd396878745f5f8e1cf	e9f27059bd0ad60db962f8f58d36609d1e9116a754e048140af7e94a8eeec482
deep-fracture-creature-GeodeCrawler-storm	11	1740	4	source/deep-fracture-creature-GeodeCrawler-storm.blend	glb/deep-fracture-creature-GeodeCrawler-storm.glb	runtime/deep-fracture-creature-GeodeCrawler-storm.model.json	c0557eb04a5074e713130c73c58f393172d23964e41c6a8826b4c691040a711c	f610ed51e7961330cc5f5f917505287d5b2e130a6dfcddbccbb8c71adc6bcf82	dae701a0e1a5212566cc2c52ba7803870c41d5ff5386075216e2d05db15fbb81
deep-fracture-creature-GeodeCrawler-venom	11	1740	4	source/deep-fracture-creature-GeodeCrawler-venom.blend	glb/deep-fracture-creature-GeodeCrawler-venom.glb	runtime/deep-fracture-creature-GeodeCrawler-venom.model.json	56579baa886711fbd49d253cfc450c32fe4b624f0f11ae3e34fa3f12bdfad975	7d1ed6b68d4877791dfd6b45d9795d346b023970640202f42b36ddaa3ae044f8	7e91053eab26c7634cbf671c332e22e99e2e7ba5794a334f39650d39ef9b299e
deep-fracture-creature-Shardling-earth	11	1512	5	source/deep-fracture-creature-Shardling-earth.blend	glb/deep-fracture-creature-Shardling-earth.glb	runtime/deep-fracture-creature-Shardling-earth.model.json	356922984882e83480d1380e991defb1e09be8478880d5d0c0e65898f3a22274	85345f801d2f1d74cfcce607e6488913f00bf53938c0bceeade1935da90316c2	677b44539acfbe6c10bb110a853180ba5ea25e6e19f7e14147859436a557f223
deep-fracture-creature-Shardling-fire	11	1512	5	source/deep-fracture-creature-Shardling-fire.blend	glb/deep-fracture-creature-Shardling-fire.glb	runtime/deep-fracture-creature-Shardling-fire.model.json	b1410473a64faa27eae20fffe4cc50098527d588d0a0c2ae07df938a93822215	1bc4188a02efc2dc38a6cacd844ebd9835ff0defab04844267ed9e1dbb84ad0d	890381e9237435d38be8e6d2c854c95568978faa45b9175e52be737ecb7d6920
deep-fracture-creature-Shardling-frost	11	1512	5	source/deep-fracture-creature-Shardling-frost.blend	glb/deep-fracture-creature-Shardling-frost.glb	runtime/deep-fracture-creature-Shardling-frost.model.json	e93580cebab5e0d235289b26fe5609db870e3a9d850fc398cdd2d0b1b81c1bd2	b9a6a02da50bba76da3c784fb031b8ab3a848037ebc02f9199d4284a0b17346d	9fa36ef7a7f576ac802ab2ff513011d0338c070be0330c1081481a5022e1f2d4
deep-fracture-creature-Shardling-radiance	11	1512	5	source/deep-fracture-creature-Shardling-radiance.blend	glb/deep-fracture-creature-Shardling-radiance.glb	runtime/deep-fracture-creature-Shardling-radiance.model.json	99295f4229356a3fd5c705fd8ad61a4edf2ee6d191c8bb88a9a9334c563c3e8e	36f8214d494c9f9e9664ec7ad203e714bbed93a4fa5b165da56ef61a778e9b61	54037abd021c6c2eddc4897f636b464d625b0a8648d074018f0d6fa1e9e865cd
deep-fracture-creature-Shardling-seidr	11	1512	5	source/deep-fracture-creature-Shardling-seidr.blend	glb/deep-fracture-creature-Shardling-seidr.glb	runtime/deep-fracture-creature-Shardling-seidr.model.json	3cb7bc70b086a2cdd60e704e8ba2f5ae3c6e60d9501c7b436ddb0ba9f1408349	f53bf5ec0cc3619aaea88daf22ce65dca21559cedc7eef0707765c0166de75af	78478fad72cc38def0620831eb10916b13887a65521fe200d93d0f8f650c6a13
deep-fracture-creature-Shardling-spirit	11	1512	5	source/deep-fracture-creature-Shardling-spirit.blend	glb/deep-fracture-creature-Shardling-spirit.glb	runtime/deep-fracture-creature-Shardling-spirit.model.json	ee2d764b9f90211bda3a6024438e43ff06102343ca2b7773db9220d70eab7475	9d003fddd7d6470f36794b250edc634c2039a4e2ca968aa9cae01b8728a29c0d	c5021754eb60bd50e80c91ea1e474e0f4bdb09a9b990d360a2b768bab9196e60
deep-fracture-creature-Shardling-storm	11	1512	5	source/deep-fracture-creature-Shardling-storm.blend	glb/deep-fracture-creature-Shardling-storm.glb	runtime/deep-fracture-creature-Shardling-storm.model.json	c08cb20f546c91950a9691653effaec445a11e22f9910c31cc8d0c4c71b964d1	f1207055874ac6b84cdec9f21b93f7031280d9c50032092b10974560c35eec55	bf98b47757ecc7985a721ea09c048d6a2fb754a086b0995b13068370a743716a
deep-fracture-creature-Shardling-venom	11	1512	5	source/deep-fracture-creature-Shardling-venom.blend	glb/deep-fracture-creature-Shardling-venom.glb	runtime/deep-fracture-creature-Shardling-venom.model.json	945ca146d21c779de77976e26a86b7f7d67c6248844e51ac5796939af36fbfcc	02a099080e8e167daaced3d05089603fa498ba453de67386bc72d80208da58a7	ae600c57ea30ff7ba36c383d904c4b07484e399a69c0064e0de592292c421e0d
deep-fracture-creature-StoneGuardian-earth	20	4212	5	source/deep-fracture-creature-StoneGuardian-earth.blend	glb/deep-fracture-creature-StoneGuardian-earth.glb	runtime/deep-fracture-creature-StoneGuardian-earth.model.json	d8744397cb909519a44129a082da3c4eb18f6d7b4409617b602fc93272f5f735	2e4c8205a309bf1a47c4e008140a0467bdc608dc1604db35a924e0110543e69a	abd1e919ec8dbc2b3e3f5764184a0c29ae8e2423d1dcfb083e6bce75e17104b6
deep-fracture-creature-StoneGuardian-fire	20	4212	5	source/deep-fracture-creature-StoneGuardian-fire.blend	glb/deep-fracture-creature-StoneGuardian-fire.glb	runtime/deep-fracture-creature-StoneGuardian-fire.model.json	eabdb3bacd5baa52515f3dde5f027956afe31a1fe4513c614d2dab08b7ef5ccb	7559d3a022d84f386ec2fbe144ac9bfef5788fa3f82cbb49a67438350ba31288	028530e18a2619f8f889e089e033d24bf9a29d0d012187a4c30f2858baacbc1d
deep-fracture-creature-StoneGuardian-frost	20	4212	5	source/deep-fracture-creature-StoneGuardian-frost.blend	glb/deep-fracture-creature-StoneGuardian-frost.glb	runtime/deep-fracture-creature-StoneGuardian-frost.model.json	b0ac06c4ca234b8f5e84c508674d62c2511b8c6262cd1cd0dd1b000f2c08cf7c	310e15fc51c2880637818961845516330e28105c38cb98a2ae2bc4a18e3d3e5d	ef4de6b7b63521be51f728bd48c963b18353f6498c03d6e2290edc35f8385549
deep-fracture-creature-StoneGuardian-radiance	20	4212	5	source/deep-fracture-creature-StoneGuardian-radiance.blend	glb/deep-fracture-creature-StoneGuardian-radiance.glb	runtime/deep-fracture-creature-StoneGuardian-radiance.model.json	b0c2b85136cd043be0b83f1087b13101d416e9d0f885b5fab23b019aa4362f74	6922a3b112aa15de7cbc49215ab0898af426e92eb18b3e90b0a7fcb0868b0be6	3931dd93b67ee61f7aaa9352842680b6f204fc69a4982b810bdb50d3742be986
deep-fracture-creature-StoneGuardian-seidr	20	4212	5	source/deep-fracture-creature-StoneGuardian-seidr.blend	glb/deep-fracture-creature-StoneGuardian-seidr.glb	runtime/deep-fracture-creature-StoneGuardian-seidr.model.json	c27db622ffb11ed532f10ef3b037dd8b10bf07814ba65aa304910594f29d203c	1c3068fc1676854fef6f39e90b885b570edf7d991c3f85f97d00ca3c3f3aaed8	d3a79e757129103b9b855682db59f650c8ebd9e62bf2211e79085e9aca83e600
deep-fracture-creature-StoneGuardian-spirit	20	4212	5	source/deep-fracture-creature-StoneGuardian-spirit.blend	glb/deep-fracture-creature-StoneGuardian-spirit.glb	runtime/deep-fracture-creature-StoneGuardian-spirit.model.json	a86a652bf4a054d69d0e9162f5d29386c3d30a44aa02985c63d37530f81f9aa7	54f5b4a4bf2b03d1021d4ce18750b2776f0d4e64bf3145aba743f831221bbd06	4e9775a5f7abcdfba5348051fede728dee5bbc0f6a9d08975e8b519e6e9fa229
deep-fracture-creature-StoneGuardian-storm	20	4212	5	source/deep-fracture-creature-StoneGuardian-storm.blend	glb/deep-fracture-creature-StoneGuardian-storm.glb	runtime/deep-fracture-creature-StoneGuardian-storm.model.json	2a9b3206f583cb9c85a9e9292166394aefd535255780eaf17f22c0f1c73f1b67	8fb76d8be721b6d7204ab3380cd46ea71e5819050599cb1a49f60a5a66b5a8eb	25c31ce1b82415d28feb736d3cdef0da8e320fcb16093cfd2bb826c0968f4baa
deep-fracture-creature-StoneGuardian-venom	20	4212	5	source/deep-fracture-creature-StoneGuardian-venom.blend	glb/deep-fracture-creature-StoneGuardian-venom.glb	runtime/deep-fracture-creature-StoneGuardian-venom.model.json	46c788232fa5a3223e93a40805eda0d84745e2ab8e9f2baaaaade8e209aef5a9	49afc48182d7a537c3bc57652b36e3fb69193c09f7cf2c2f5744fc9b6d5438f6	2b065fb70e9bc7d119b97d974708bf800077c053db6b974cf44b3dc7d1308019
deep-fracture-creature-StoneSentinel-earth	11	2092	3	source/deep-fracture-creature-StoneSentinel-earth.blend	glb/deep-fracture-creature-StoneSentinel-earth.glb	runtime/deep-fracture-creature-StoneSentinel-earth.model.json	aae6946d286ca65d3c1f624a8bccd2c356c109d85702517af5eb37d7e15d319d	6ca2655cd4658031426d33bdbb2f075c2f1c67ca6cb86999e47b885910800267	4e6571663d04eca2040dd92b2b72101e9fe47c5f9f9a30203b6015df5eb55fc4
deep-fracture-creature-StoneSentinel-fire	11	2092	3	source/deep-fracture-creature-StoneSentinel-fire.blend	glb/deep-fracture-creature-StoneSentinel-fire.glb	runtime/deep-fracture-creature-StoneSentinel-fire.model.json	66913cb4189e586af637b0552ed4dbd694c92aff3927809b47e8e1a9059cef18	cea45b7606a3e719fc64e70340c1249a443d37e8ec8f4f6309f2c840001135a6	c389a138bb8261071b11a3fc692c4b4039347697ecfb77820aa63a31e6d65f71
deep-fracture-creature-StoneSentinel-frost	11	2092	3	source/deep-fracture-creature-StoneSentinel-frost.blend	glb/deep-fracture-creature-StoneSentinel-frost.glb	runtime/deep-fracture-creature-StoneSentinel-frost.model.json	6452a1808869240858af4884c21a4b70d71610fc54477a3dafe6b6bbd3bbc3e7	77645508fedf555602e4fa3e63bb37e54b044fbc2cb6c48cf02278b3d409cde1	4378318f6c207022eff8e6d67c101602525b676c87e3f7d35c6720caa5b866e8
deep-fracture-creature-StoneSentinel-radiance	11	2092	3	source/deep-fracture-creature-StoneSentinel-radiance.blend	glb/deep-fracture-creature-StoneSentinel-radiance.glb	runtime/deep-fracture-creature-StoneSentinel-radiance.model.json	fe9d17132c23c66b64c608df425af8524ebaf9ae7d279aa5bf4d09bbd9ee30d8	dfb38b09c906aa17bb7652121f77cc695f6e6930a204a106e8ea62e70c4e1aef	ac89b3099c30cf4f05345d4e5e5d11d2ee24d8ac88bfce1406ba51f51311c86a
deep-fracture-creature-StoneSentinel-seidr	11	2092	3	source/deep-fracture-creature-StoneSentinel-seidr.blend	glb/deep-fracture-creature-StoneSentinel-seidr.glb	runtime/deep-fracture-creature-StoneSentinel-seidr.model.json	690b38faccd843cb033ccbde0e80e6c319c6248ab279efce2c318683056acbf6	e798b1f9f1573ea3ced892126c19dc134124906bdc5cb60730f2f2e0fd1b5270	4afefd52af04f7fe01986429422a687478942a15e950991d4350f6bd53fc8ef6
deep-fracture-creature-StoneSentinel-spirit	11	2092	3	source/deep-fracture-creature-StoneSentinel-spirit.blend	glb/deep-fracture-creature-StoneSentinel-spirit.glb	runtime/deep-fracture-creature-StoneSentinel-spirit.model.json	66b68c90fbe45f5673dcd68b610a20b1f2c57a1529748a62ee4de0b46aecd478	7bea0d3662d8f82f1a64aa8a959e3d6e622f4b6a98090d80955f1de81d15d65c	3cb00387a1da3289fa8368229eb4dffeccc280045f8a3b51d6b50d161623ed7f
deep-fracture-creature-StoneSentinel-storm	11	2092	3	source/deep-fracture-creature-StoneSentinel-storm.blend	glb/deep-fracture-creature-StoneSentinel-storm.glb	runtime/deep-fracture-creature-StoneSentinel-storm.model.json	3be34d9eea578923fd811730a4e83d07f41c536848c33217afe687db02d2f2a7	dfab38c9518f7eabebab21947be35ed03b943c8dbbe75bdff7b4f346d0fcf142	9a7de5f50ea6766379f2d402db272f6777d38ba47f6a4bf3f30b3e4b1bf4c845
deep-fracture-creature-StoneSentinel-venom	11	2092	3	source/deep-fracture-creature-StoneSentinel-venom.blend	glb/deep-fracture-creature-StoneSentinel-venom.glb	runtime/deep-fracture-creature-StoneSentinel-venom.model.json	1012a9f89f57e4a9a8be1d66d11dfdb56a24645acba873c7af4080c780c826da	7c035d522347c5408392d76b98a6a30358824b6e1a82d9abb403c4e6ae0b9a18	5b126d67a8b06c3f6ee10c443213c7b35c31818895f7fa6aeadc917a5beb4509
deep-fracture-crystal-golem-visual-earth	19	2584	5	source/deep-fracture-crystal-golem-visual-earth.blend	glb/deep-fracture-crystal-golem-visual-earth.glb	runtime/deep-fracture-crystal-golem-visual-earth.model.json	49e32f2a95262610105ce8bbd62b3e45ba6af6fe5bdf8c8f3ff9e09863e16b8a	aab570d043343e9b598a505fc6e8681c6b335209fd6a5332850ba73a816c9447	8e71f0eb68e352bd329611758c821011b4b1ed6960cf1dec89b6b75a5fadefd9
deep-fracture-crystal-golem-visual-fire	19	2584	5	source/deep-fracture-crystal-golem-visual-fire.blend	glb/deep-fracture-crystal-golem-visual-fire.glb	runtime/deep-fracture-crystal-golem-visual-fire.model.json	97c730ade16a59620df9588ec74595e84d680399539210f9aa979e28035895f8	d5849188f0d50fc39a41f0f7cf557709f1ad7db1825a90593a45814ef1c850af	45ea600cc2262d2622809b89626aec68cb2be9c770f9c6b03756846885472db5
deep-fracture-crystal-golem-visual-frost	19	2584	5	source/deep-fracture-crystal-golem-visual-frost.blend	glb/deep-fracture-crystal-golem-visual-frost.glb	runtime/deep-fracture-crystal-golem-visual-frost.model.json	9f5a8d31607a3e77a5a074eadbeb361c7e4a2118b9f61abc9b2be48eb519f472	345732025d5673ba97f84f89ecb5834bad0eee2fc622b91d34a4bb5e8350fa95	aaab5d9e4f1713001aa1c1e6845e279944546357fadc41b5bc339a1abd20b325
deep-fracture-crystal-golem-visual-radiance	19	2584	5	source/deep-fracture-crystal-golem-visual-radiance.blend	glb/deep-fracture-crystal-golem-visual-radiance.glb	runtime/deep-fracture-crystal-golem-visual-radiance.model.json	37117ee611f5b178690689e962c5ea0e6b9fd4bce2f79bd1060e30a619717416	34cf8e6ce3882beea04100c702bf5d60566f31f0f10b51f678b923633c0ad0bf	f3ec4d4085803f2e36672c5a2287f506063743048bd8dbbedeb672ca3598aae7
deep-fracture-crystal-golem-visual-seidr	19	2584	5	source/deep-fracture-crystal-golem-visual-seidr.blend	glb/deep-fracture-crystal-golem-visual-seidr.glb	runtime/deep-fracture-crystal-golem-visual-seidr.model.json	ad0cc89069d74169114bdac0d6f2241e02514d24ce6780e497cf5c1c922aa89a	4390f2bdce6721ac9ce9540d1e2b7cf47d7b10dce5d828db463b79ed513f0d0d	79d479e054bd9eae5ae0cfb29a9d1f385a3f53fa11af4eaff2be1b6e4fc11c49
deep-fracture-crystal-golem-visual-spirit	19	2584	5	source/deep-fracture-crystal-golem-visual-spirit.blend	glb/deep-fracture-crystal-golem-visual-spirit.glb	runtime/deep-fracture-crystal-golem-visual-spirit.model.json	da96d83ecd965151d1d04d3e560fd96c81d53a06e7792d7f0823c47190ec668a	b727b939ad2ea54168ccf35caf40150b074e2ec253af012861d9d23ea1d0bbaa	c9dc6cff20cac097380d5b1745ff8c41f5a51ac04908f17b17e4d4ce25ea73cb
deep-fracture-crystal-golem-visual-storm	19	2584	5	source/deep-fracture-crystal-golem-visual-storm.blend	glb/deep-fracture-crystal-golem-visual-storm.glb	runtime/deep-fracture-crystal-golem-visual-storm.model.json	e65de194a97c0ea4b09a607d7d377cb485e907cb403999bf248ede600caa89b7	dabea930198616f3b1da03447a71812ee5a5bb117be41efeefa9641e2c97c684	6cacd47a12bed5ce6dd62382b81be9faeb2fed8148780581e1440715d4a678bc
deep-fracture-crystal-golem-visual-venom	19	2584	5	source/deep-fracture-crystal-golem-visual-venom.blend	glb/deep-fracture-crystal-golem-visual-venom.glb	runtime/deep-fracture-crystal-golem-visual-venom.model.json	b6d51e3afc1476503ff2c7d7ab15770beb1b8e3a12c437a1017e98cee4dfdaee	1355b530d1f14f4e9e548679c93759158f47e6c3f4b67f5947728d97afdb6b38	4a8c2a95018e3f25fc48eeb947306e73a03801be063745a3e6ac64bfc66eb281
deep-fracture-deep-colossus-visual-earth	30	4888	6	source/deep-fracture-deep-colossus-visual-earth.blend	glb/deep-fracture-deep-colossus-visual-earth.glb	runtime/deep-fracture-deep-colossus-visual-earth.model.json	49c5d1f9412448e09f7570ac7c4fe4d69e6b6ad2c82fec5caec6b2212862e685	2b1f56637d3f116f4b6b809f82b45227ed2295f6bf3b5a1268ce12c330404e41	e3da393917f05452e70101fc3e1d4d91daa33506827979bced90219733f0fb8f
deep-fracture-deep-colossus-visual-fire	30	4888	6	source/deep-fracture-deep-colossus-visual-fire.blend	glb/deep-fracture-deep-colossus-visual-fire.glb	runtime/deep-fracture-deep-colossus-visual-fire.model.json	d04660f9b160e80fe276c58799d3344d59c64cd4fed2f1b18a853757839fcfc9	b50195a76344d3c503ba3ed1829da4194b052db844cb97f19f51e6702cea9eb2	453f36e2dad47f55bdaa0df3610022263508fd91a1b888f4a4cab6bc75b2e770
deep-fracture-deep-colossus-visual-frost	30	4888	6	source/deep-fracture-deep-colossus-visual-frost.blend	glb/deep-fracture-deep-colossus-visual-frost.glb	runtime/deep-fracture-deep-colossus-visual-frost.model.json	c0493dbd35a45de34b1351427f82486e892f9d2e1acd3cea9e8c4ccf33663018	0d96e194dc7a70a2e08edd9c7637134bae099ff7c225b1a627284ad286454050	35c9fb4f9d4ec24c972ac0102560b44c1a0041a57f13fd34292384fe912ce0c1
deep-fracture-deep-colossus-visual-radiance	30	4888	6	source/deep-fracture-deep-colossus-visual-radiance.blend	glb/deep-fracture-deep-colossus-visual-radiance.glb	runtime/deep-fracture-deep-colossus-visual-radiance.model.json	2e3b1f2f1eebbb5b2ff150ef9e04fa5ba0c04b65de22b9a33c0d5a11f4421484	09299ae9d43f077df8dec69d224bb996989293a58ca5fb69f1c525f0f25f58b8	62b03c24e8b977715ff482b2aa3fceafa9b52aeba6965b156abdf11542a39bc3
deep-fracture-deep-colossus-visual-seidr	30	4888	6	source/deep-fracture-deep-colossus-visual-seidr.blend	glb/deep-fracture-deep-colossus-visual-seidr.glb	runtime/deep-fracture-deep-colossus-visual-seidr.model.json	11fec583109582b10b0135d0d846568d112f1cff33f63ba5105381ca71680bec	0f463b4f1fbe904f5e8c238c50b0e2aee6be3f3e326c81399e4f97df52c5d263	19b15480efcf6ed9d6d30e5e269c114124195a76e6d2de195f9eae6d0e35920d
deep-fracture-deep-colossus-visual-spirit	30	4888	6	source/deep-fracture-deep-colossus-visual-spirit.blend	glb/deep-fracture-deep-colossus-visual-spirit.glb	runtime/deep-fracture-deep-colossus-visual-spirit.model.json	7b19e0147d4bb171a2bb72c3d48328799a860f417fd92505750e3dc5fd9a1177	24a84badf14267fbe2fd6b5de91ff6ddea2ae1d427340c6577831295c179e6c0	0f072566e781069543000b3dc77ed8c8df30f184761eed08a80d7868c85197a9
deep-fracture-deep-colossus-visual-storm	30	4888	6	source/deep-fracture-deep-colossus-visual-storm.blend	glb/deep-fracture-deep-colossus-visual-storm.glb	runtime/deep-fracture-deep-colossus-visual-storm.model.json	a8bcb2797d8e980676c5f1e54e75f9f96ffc3a0da864a7bbf049b6eb33d65772	fac604eda142958f7ad16ebf7dbc1f10d8ebbd6eb1b46a7f19f9adcafd00df9e	fd9119fc1e03cdb90dbb8bdeb3c7f68b2a2c52c36c9b3a4bf60a56db7f50ca3f
deep-fracture-deep-colossus-visual-venom	30	4888	6	source/deep-fracture-deep-colossus-visual-venom.blend	glb/deep-fracture-deep-colossus-visual-venom.glb	runtime/deep-fracture-deep-colossus-visual-venom.model.json	9f9d45eea9707094f9ed7906c8402adef007cae9677922630c0a6418b78af0f2	6d970085f2f02ae7e97cd8e0c01f731ec2282189c417e3ee26da27ea797ac928	806e34163b1d15b1e2a56e15246162e6416c12e0a7ba40cbf77e5b8dccb556a0
deep-fracture-entrance	8	864	3	source/deep-fracture-entrance.blend	glb/deep-fracture-entrance.glb	runtime/deep-fracture-entrance.model.json	a891a506c41ed7a56c47c68165c6c9d16b163221647ff3c7f6388dd0ca07f6cb	8965ab1f513bb5f79d2be9018dfbffc662ad5cf0db6278e447bafcf8aa812e66	db144d378c8717bc1e13e86195e4371ff8edea698673499f5e95c191c489c710
deep-fracture-obelisk-warden-visual-earth	18	3188	6	source/deep-fracture-obelisk-warden-visual-earth.blend	glb/deep-fracture-obelisk-warden-visual-earth.glb	runtime/deep-fracture-obelisk-warden-visual-earth.model.json	900caf7f180e08445c9a8f0b1677d3d29044ce992b1091d65d089bc2c427f095	f0ea4b21a438c4329771737eebb83bef6ba361916f173543c2fb7f4d65f3e115	1b9f9bb570be12dd3cad25107100efb920f65516cd0450ed79a0382412d70724
deep-fracture-obelisk-warden-visual-fire	18	3188	6	source/deep-fracture-obelisk-warden-visual-fire.blend	glb/deep-fracture-obelisk-warden-visual-fire.glb	runtime/deep-fracture-obelisk-warden-visual-fire.model.json	b2c0314a62ba998577405acd08c55a8ff3607ecb59a02578979f55f0ed27e86e	988737d635614052f4cabe11ffa1641d7ea39e4cff96f0422f0556dd9c0f69b1	ea10e26a19927e29c99faf1ab4b83fe6cbfb40c004ced929b3adba9ab6cc0439
deep-fracture-obelisk-warden-visual-frost	18	3188	6	source/deep-fracture-obelisk-warden-visual-frost.blend	glb/deep-fracture-obelisk-warden-visual-frost.glb	runtime/deep-fracture-obelisk-warden-visual-frost.model.json	9c6682848e5f22b4ceb9a9e367a208dc0624534e6b3d18648a08e84be355263e	7db3df18f3732e4886db24c798753d3d3f66bdd5e509226a39e44a61ba26d750	8480b033127e93dfd8e72523e93e754f2eb4402cbfb786f510ed4a0002539a96
deep-fracture-obelisk-warden-visual-radiance	18	3188	6	source/deep-fracture-obelisk-warden-visual-radiance.blend	glb/deep-fracture-obelisk-warden-visual-radiance.glb	runtime/deep-fracture-obelisk-warden-visual-radiance.model.json	0c4b4cf4a682cccd802544d14f92b48e4232e151d246f779593cbedf746a4429	a85023f6e050d848b7663f491ae6539ec7df4d1aa835fffb206f790f9b917efa	572c0fe6888e901be219bfd0d8be1b078edc8e5f24c80598905f377a6be834df
deep-fracture-obelisk-warden-visual-seidr	18	3188	6	source/deep-fracture-obelisk-warden-visual-seidr.blend	glb/deep-fracture-obelisk-warden-visual-seidr.glb	runtime/deep-fracture-obelisk-warden-visual-seidr.model.json	f0b7eb5bdf4cd8529939d1b8f9550f46f98824397d315ef8e32e4385caff02f3	699914138251b542aa0b7fa785fd82bf459c8c70b74ff607cf69966099405e95	ce217a6bc2345edb281b1b992008b17e5c9b1cc2fed8a19d4ca80a3d0f1918cf
deep-fracture-obelisk-warden-visual-spirit	18	3188	6	source/deep-fracture-obelisk-warden-visual-spirit.blend	glb/deep-fracture-obelisk-warden-visual-spirit.glb	runtime/deep-fracture-obelisk-warden-visual-spirit.model.json	c53923b4d70ac869409ec8e02b87f580034931db9d4bd10f751a3d2236167da2	905c752d72b710915564ae931bfb307c1f023e7bc094457c247b1b24c2c8d11c	d4ce9d08663e7022064c0fa14ff790a4c0053954632e550edb2a09fb61241748
deep-fracture-obelisk-warden-visual-storm	18	3188	6	source/deep-fracture-obelisk-warden-visual-storm.blend	glb/deep-fracture-obelisk-warden-visual-storm.glb	runtime/deep-fracture-obelisk-warden-visual-storm.model.json	ced249e0541a3fac0fe9a75758d16ab70bf8d2f4686ded39e8da1ff91eb1bf45	b17addcfc1901350461b7bc908cd69e113b37c1260ccd7fa263c373545f6589f	28b3bbfd6be693692b9b02d9e990d9fdc909a83b3051d6af4ddd37717541b705
deep-fracture-obelisk-warden-visual-venom	18	3188	6	source/deep-fracture-obelisk-warden-visual-venom.blend	glb/deep-fracture-obelisk-warden-visual-venom.glb	runtime/deep-fracture-obelisk-warden-visual-venom.model.json	bf18833cc6296759367f4247a25e7e6db4bbdb25b8d4bd368afd798cb5440492	19735efe9e0fa76b25561536532875671985598430708c1ac4bc75807c3e0c76	46d2c3a44e5fd60d334d7a402f869bd89ea6de275d03e522286a7a71a35eafe5
deep-fracture-passage	2	744	2	source/deep-fracture-passage.blend	glb/deep-fracture-passage.glb	runtime/deep-fracture-passage.model.json	349125b9e8942822a7684af6dc08694b58e49af104e4c8819efdbc2e3d1cc91f	1f25c999e89d005e253956c0ff02fee5afee030641d88638e32354b371abfe96	c8a4ae6d5d27624f718c4d6572f0cbe013160228b91b8bd67607741a5a4d7ca4
deep-fracture-traversal	2	352	2	source/deep-fracture-traversal.blend	glb/deep-fracture-traversal.glb	runtime/deep-fracture-traversal.model.json	0941502699c0b46ca2462ea25832898b4914f9976a6a877d104a5745b754b7f5	9730d68a70f26e89ec3d9f18bbfd12692fb875d5e24c7742c25563eb43a1f8bc	79485de26b409904097ce9ce218e20e8cfec13ad3c0aad608778c8445dc448b0
DF-01	9	10352	6	source/DF-01.blend	glb/DF-01.glb	runtime/DF-01.model.json	bec9aa1ee7b4927cbe2ca2714317ae51d8c7530203d6c8f1f9ace98423be1727	11bcc55831cf742b0d16f6ea9d6aef6a3edf64365bf764e60772be960595fa45	eb0c0d22deea1f208f81bb907e9aa767526a0324c431c41d0e312bc33e2524f6
DF-02	9	10908	6	source/DF-02.blend	glb/DF-02.glb	runtime/DF-02.model.json	4e95f1110791e9f7781086fcf9eae4b93fd82205a8b21cccd566c54d00117cf0	3b6cdea2be93b30cc3f11057949df7f1d1cbbf903bbd5ffc775708da53583149	343a74db2ebee0f3753022f635a13183d0704227561cfe5ce7f6c7057007dff9
DF-03	9	10872	6	source/DF-03.blend	glb/DF-03.glb	runtime/DF-03.model.json	0ca5b5c7c909c2091f7a35dabc3b0fb1ca79092d0ac23a5abe6ee71d5520f6b6	ac8d7eeee7b56349cecf9ad69a349ecfda1b4112fb22655e97cbdb8a9a8e51b9	ec9718ca35274204b852667b31949c667f772f7cace18ebbe1efe25bf6d10172
DF-04	9	10462	6	source/DF-04.blend	glb/DF-04.glb	runtime/DF-04.model.json	1393aa5d87372ded8b5740acfcd5fc4ff1e7bcd9bd31d526169e38e78e248ce5	7b425636f466923626ce44255cf3cbdff122a44d7ea0592cc5163db9895455ec	6d764337c88c0cd3d8d01d50a1ab2560bae06e687d7a7ff4cdc40e098c104173
DF-05	9	10430	6	source/DF-05.blend	glb/DF-05.glb	runtime/DF-05.model.json	9572d31b0e505843818d7ac39b66ced245cc4ccefd6fcc02115a9d4da5dc358c	1b1f21705b18503b02f2eaf574728e7b3e598e568f1bb8a8fdce8f0dc4f6bd8c	a998d174c0e86e51c38488669fa60e95888f219664f32d8cac7c002c4c869df5
DF-06	9	10904	6	source/DF-06.blend	glb/DF-06.glb	runtime/DF-06.model.json	281d7b25771248497b41e6ac9215a1a2ff76ae48ae15b9e13c439fca504bfdb8	e5c7084ef3e51d80a844ea72452220e2d1398da1964fb6ccba0e49837d285db7	8e72f59e8957e84e2e95f39ee42e5796a91689435f965e475af5bf1ec7faf669
DF-07	9	10620	6	source/DF-07.blend	glb/DF-07.glb	runtime/DF-07.model.json	49aab2ccc84a1031b2694fc104677bb11a565b17662307974f0de75716278f55	be76347180c0bdb88377ede1b1533886fda53c8603de241c6473f97f0b0e1cc1	f093a31a803fb282a98d16c84b218587c6a345da2576870fbb3d1149db78cd9d
DF-08	9	10262	6	source/DF-08.blend	glb/DF-08.glb	runtime/DF-08.model.json	2294ddf9802895063bf6cd3c05d76398158ffccf2c8f957ef860857fe6f74980	795417fbef62976f9024a22ddcb4e04b785028655f50c9300097f78c2b5ccb51	12ee1543902a62a85cc276895b18ca944f4fc8d8071deed89f8978bf454fd8a1
DF-09	9	10184	6	source/DF-09.blend	glb/DF-09.glb	runtime/DF-09.model.json	3c2a573657470e772b5efd2a88f1b1ddc69037e1a16c36539c464f2faa37d123	869132982e995ac6c026b8ddf7349451d8ac48a638e3215247425c910c150f9c	93f71f2d6080513c722d108538e8b43d507dca0beb5dcbbc758c5960b649faf9
DF-10	7	10834	5	source/DF-10.blend	glb/DF-10.glb	runtime/DF-10.model.json	14e172017580cfc3a048f23f40c820b6337e958515382d9e6da58f9264f05bb2	ad3b8d139cce2f2bf8b305ab5f6dd7da22a782085a5132feb65477d4d85deda6	1e059d84f1cdcf114d94ed4a2b308c326f5169d2f5e849473636d92459be688d
DF-11	9	10638	6	source/DF-11.blend	glb/DF-11.glb	runtime/DF-11.model.json	89a0a8f0287865b4ea5847c3a15f879e515894c3ef2e14a807e0597542b3b800	3dbb24e431fe7c49fb4fed7314915fcaa1df87d380c07f10d97270e0ffe18550	a99fbc7d555169c756e9f9626a1181de28a1b2d140cbfec6b4f52224321791ce
DF-12	7	10012	5	source/DF-12.blend	glb/DF-12.glb	runtime/DF-12.model.json	7258e6616ab72963b3d2bedcea4c9259c9dc66991dc1a24441862fc859e482ed	e3a0f7d60d3cf3e23c4e866a858d40b926e42afc0555968050c525beadaaeaee	7a9a3522f8a4bc206fc3cd9515417a441e11ad3d3ab58ff7607090ef88f99cc9
DF-13	9	10794	6	source/DF-13.blend	glb/DF-13.glb	runtime/DF-13.model.json	a77f7290b515f2a611ac23190e58fbcae68114c49da8f976ccf187ab7362e6d2	bde26532c6705097ce7cd198cc06923ede2871a0fe6647d8b6d86470eb04f997	28b0a06f4e09eeb6ee6ed1357d4ee9565b7988e204740e995b5816858ff1aaee
DF-14	9	10312	6	source/DF-14.blend	glb/DF-14.glb	runtime/DF-14.model.json	4d1f2acc0bea36979bba4ae16ae5867fb1ddb0d5175a085fccfbb04c0cf15893	9763594967093d11146755458fa76168a8784711ca5c131c571322f331a12386	5bc1c2d5e4b9902a51519a361ea95dffeedd6d27e7d83b321d366902432c4712
DF-15	9	10434	6	source/DF-15.blend	glb/DF-15.glb	runtime/DF-15.model.json	8518a03e959408c9688efcc3aa8eaa98dceaf8d93fdae0d90f8b8e2430daa1c9	1e55bce1cc36ce4caa06f8d1a4c66b979bd522d7c02d038d5085088617d4fb2f	fbdc7102e7c78a3510e3efaf53bcf2ad8eff89d1ea710c65ac14e41dff54bee4
DF-16	7	11070	5	source/DF-16.blend	glb/DF-16.glb	runtime/DF-16.model.json	2d36136deb345552a8bed0ef6ce9940ed28b7f47ca99059f08fac8829d60d346	56a6d6879161ab025c1c35b683bccd885cb1672a8e0ec080abb0ce5e9977256a	311babd5c34b361da54f6f1c2a28bf84e3048b4629dfff01bfcb5d0fe3a1a6e1
DF-17	7	10162	5	source/DF-17.blend	glb/DF-17.glb	runtime/DF-17.model.json	9d31bfe83d7dad5a45a4fe8d28ef1fa984d9d37dd1f9250aa445bfcb559141d8	eca1b8c9303df7598221dfe15d8678f2d01244fe615fe4486b88be31c0c53f02	adfd81f1272677115332a0b4d9c00c598c6e13feaf9c2b2de180b283d7885114
DF-18	7	10310	5	source/DF-18.blend	glb/DF-18.glb	runtime/DF-18.model.json	14151f018c1f83388b922e2b4369322e2db90dc8c5803dfdd2e81cacc8f8c103	3cfb210ef9c1e55d936b95a33d0099b2e26112769538ba46e1b09f25a1af9bfe	3806edf5fa0e02858842cfceb55656b858cec4cbccb68b975124c8b10e353d3b
DF-19	9	10834	6	source/DF-19.blend	glb/DF-19.glb	runtime/DF-19.model.json	5083787f1a8ede5955cc3fa4f8c283673d0c8dfb3929e0c349a8a72b73097282	9075facfd2f99d1e3ae139d9d73114327fc88dbd53cdcd714e6b52538a19c835	ae4c5a7c08a20f2814f47e18020595b0494a5fb3f6b638478461bc73a9c65bc6
DF-20	9	10358	6	source/DF-20.blend	glb/DF-20.glb	runtime/DF-20.model.json	e804b94ae4d53c8b453e4e09fe37e3463a2fa84316b18aa3f3c08892b712801d	6a1a89cf7df101140db703f9ec9955cb8b04a3ea295fd6ceaf313347ba9c3399	a07622608122bd8fb45a174f947a8a8fbf3da7a2d09878dea1ce6e4990f0c0ef
earth-advanced	1	520	1	source/earth-advanced.blend	glb/earth-advanced.glb	runtime/earth-advanced.model.json	8ddef67ce7ba063e6d373b912b749966030d1d3d34c692993e1bd6afc5976074	9f51b34923bca6c41bec2fb82376073a100497bf4ae807eb3050a5f8c2828669	6c34e07c24038c3a65331fc322524c247c76475a0689a5cd1e3da41983ffdb02
earth-crystal	1	428	1	source/earth-crystal.blend	glb/earth-crystal.glb	runtime/earth-crystal.model.json	b7c7b4022c510b34e5590849d31644032c01d9cedd6e6cbe0d3a9cacde87647b	709ccea5ed488da886435d74de665426c0df1d70fe2dbed8cd6f301d87df72fb	825e42f2e0c090626da132613803e9037134a9e88fbc9e2dea9c84e2fc405bd2
earth-faceting-wheel	1	304	1	source/earth-faceting-wheel.blend	glb/earth-faceting-wheel.glb	runtime/earth-faceting-wheel.model.json	830cb85582ed751c0df413b5fe10504ccde6f8534a51357e2184399df6c5b2fc	b98e74651b591a406693ec277a89dad7ae961a0ff4d1a7f1e0fd1997bf34ac17	79f25d15919e457af0ff9ff46db4e9a6c46c14506f3391a7bf7537047458c7db
earth-fracturing-block	1	548	1	source/earth-fracturing-block.blend	glb/earth-fracturing-block.glb	runtime/earth-fracturing-block.model.json	5f08f657a140f5897f09fd801a2c675c97d692ebc25012ebdc6c47c39a87e322	7bc353b9311ecf3d56489421d8b5139bf8d27acf619ab98d48564d1d911401f9	c2900a139c2ae45deeec253588ac1d3fcc563db9fc12e0096b86ab46ecabb5e9
earth-geode	1	352	1	source/earth-geode.blend	glb/earth-geode.glb	runtime/earth-geode.model.json	803c1ccaca4fd9c1449d81d1f74455eee850b8c0f84b6a02823990dc3f3e5480	2cfd84e3bd8d27c84b6a2888b3fefbf536e28c1ea5821df7318a4337724515a0	5df9adc3488a92e7428bac90f08809ac27f5254c16f623138dd5b3f98fc40b4f
earth-master	1	530	1	source/earth-master.blend	glb/earth-master.glb	runtime/earth-master.model.json	b16876b69d17c197f6cf2629663582f0ce83dcc85b4cca1ca81262de75b1605e	a2ca5a208cb7791e5f6df22f7d2ae4e51717179fad7143d25a2c10bd74fc65bf	6560a3099c2460c810c71be350dc397daa4e9d300f3a9ecb1b1a4ce9e5635bdc
earth-resonance-frame	1	408	1	source/earth-resonance-frame.blend	glb/earth-resonance-frame.glb	runtime/earth-resonance-frame.model.json	7d489ab607dd4e0edac7deaaa85a34be67dd6d9d0604eb5bf6a797496d6f5189	b51b2c865b7af87eb01972b554cf6b555472387db98a2d4434b8849f6e1fd788	7c304aff8b669a254417a339479d5d81acd4bcf4d1db58568fb48a472c758691
earth-rough	1	422	1	source/earth-rough.blend	glb/earth-rough.glb	runtime/earth-rough.model.json	0ef15d2298a205ce3eb6cf37ceb4506f1498a137cb968c8f71e54ee09e5424ff	6677e503276be69fd0cde6e13392ebc462ab64c40bc4f5270a95860e81ff6167	5df4b061b58edabac37fd0ee7b4c8f0c4c8f524a165b94978e78e623ba2b6d66
earth-shards	1	480	1	source/earth-shards.blend	glb/earth-shards.glb	runtime/earth-shards.model.json	a8e5f716aed3544a1a59012dd92bff9125a6bd460b74402838731d0cfbe11ef7	c5a9ab97263e018fcfd3f6564b3467fc11e5e76741330af473828317058513f7	a8b088e3eae25df8ec6b67d8df5bd84d45d93bd14b51535c721023fcd37f4b46
earth-simple	1	382	1	source/earth-simple.blend	glb/earth-simple.glb	runtime/earth-simple.model.json	fd0b069c65057718c98152746ebf9f364c47b60c34498423cf4ce8b5234d9d16	6a95d468253c79065158613ceae34e922878f1e9024829431417290bbf100ec4	1a880f492a786796c31a82c0affafadaff1838c3bd4bcddeab95f48c1021d4d8
earth-structural	1	152	1	source/earth-structural.blend	glb/earth-structural.glb	runtime/earth-structural.model.json	48eb3b2e4290b34daffa6d8f797781df4311c10dfcf3c44ccf72a3a9f27a8bb3	9cc61c7b89ee89ff633b134fed79c63e6df8a0f641f016ca93672cad947a61ca	2a84d1d593854b0ff78c53e0901b5814e613c0511d34384ce68b05c7ac28ba0e
earth-workstation	1	1172	1	source/earth-workstation.blend	glb/earth-workstation.glb	runtime/earth-workstation.model.json	3deba8fa35291365d68b0522967ef6feba71184aced19ca6ce09134103e376ff	2328b6020ea0d46d98a38e4d9cda5801a6f999d65032185b7d20fe6dbb4377e4	5162b97723f6b77c6f33e35f453726e39a3394221784987f35fd743c4c59a065
effect-orb	1	80	1	source/effect-orb.blend	glb/effect-orb.glb	runtime/effect-orb.model.json	3e6dafb8deb5bfcec3b5f04024436141e48f57cc185b382889fe31724bc6c789	ff1b514bdb19bb56a291fa3cafb82c371845a914b4defded852a429129a50163	7756e4511a394de6b6a7f76fd824783ebb2ecea690d21e8fc2f9248e0e1b13f7
effect-ring	1	384	1	source/effect-ring.blend	glb/effect-ring.glb	runtime/effect-ring.model.json	56c1fe359a5f5d9d945f6978856adcf15d94b180531ac30ad3adeed035d21fde	21ff4c27878cd5a696a32c8b60ccaa429b54847b00949ef324638afc1328f657	06da0840de4bda1d12f06115de99913037e7167531649c8689e09d968e2d271e
effect-shard	1	20	1	source/effect-shard.blend	glb/effect-shard.glb	runtime/effect-shard.model.json	c94538e5b211129f6c3d399817765675ac47e2ccd27dad28bfbafbfff33d781d	a8b239f6d641bd1b53e512ecb12dfdca6668ab0180b29600a4f0b7f73ea514d7	0af96660683633042b43ef7efbf4f8efc1bf73c40984f91f7c62d4b250327e46
elemental-focus	1	104	1	source/elemental-focus.blend	glb/elemental-focus.glb	runtime/elemental-focus.model.json	056c31c3536eaec9b7a98da1cc1bb9953b70db579c7ed4faf5b5fa60b18ab309	9bb47407bfe92f70ae915f8ed0e05193203337e055532e1c7f94103063706c49	889a3ed9db904ce4f8cac803c711288485c3784935d12b7f8bbb6479c08a171f
fate-crystal	26	2880	3	source/fate-crystal.blend	glb/fate-crystal.glb	runtime/fate-crystal.model.json	6008b658a741d10bd8e0e496065554e80e85f5ee61ae6fae64b113159980c079	f7f048ca4fbd2430dd99e92b2686cf2cfaa27327c12a29ba0b52d270651b4b27	e0f136de0cf4e76df432aaadbe49392835560f452ab65e7451e0ddbfe8c8bf3e
fate-shard	3	336	2	source/fate-shard.blend	glb/fate-shard.glb	runtime/fate-shard.model.json	7c8e7c24c00e053df214a0a92e1535b8501c5fa09a2b402e93de215a2a51c77b	13ec3b7e9777aeca3c10f5553f40b692ec7c9682c421fca04762dd721b4f7188	64191b9054d39a7e03533377a1f61e0dfd27cb8bd6670b970979e546c0fc5284
furniture-crystal-bed	9	996	6	source/furniture-crystal-bed.blend	glb/furniture-crystal-bed.glb	runtime/furniture-crystal-bed.model.json	ced14025ef5409058777dbb8ee88845af6b203063c4ccd5263950934a7af7656	72c981591c6ce4951b6d8ae3d54e94d91e061b4332e983f4ce113bebf35dc4f6	36efdb1ce046a8f002bf884a2a058d1e9996bcee3ac09aa8c11d0847391d3f3d
furniture-crystal-bench	8	936	4	source/furniture-crystal-bench.blend	glb/furniture-crystal-bench.glb	runtime/furniture-crystal-bench.model.json	d599dd2a1066956d8117370943c98a7058e2f5010cb50687db1a1f02d2e89aaf	26c202659129695684cdde6e2231dd6c41eebe0af260063c0e9ff788bc3ecca9	9cff6d7f190bafbb3787dcfc7283142134394d776e35b6e1ec8e2598ef48f146
furniture-crystal-divider	12	1380	5	source/furniture-crystal-divider.blend	glb/furniture-crystal-divider.glb	runtime/furniture-crystal-divider.model.json	ff51b3c00296aaf0d3ea5351025abcc049045e72158d63bdafcfc88eb2a4f597	d6928f55d7cc7846c5b3c386160c0bfefb113b650d43e55dd71f22c973d3d676	aa9c2aea54678c3923cfa2e92e856646179a46dbc37c33435993572faf0712ef
furniture-crystal-throne	12	1472	7	source/furniture-crystal-throne.blend	glb/furniture-crystal-throne.glb	runtime/furniture-crystal-throne.model.json	4bd0fc657162b41aac2741dad998cc0c75b5d3e34c1f7124a59003839d103585	4381b24eebc60ef4941effc5df0b2c34ce65bbdb3e05ac65603bfca3e27afaf8	a92dab5319fba8326c83e942ceb7ee069fab9f141b2e9263939956523bb06231
furniture-geo-desk	9	1168	6	source/furniture-geo-desk.blend	glb/furniture-geo-desk.glb	runtime/furniture-geo-desk.model.json	33951e55d8881e29740534fe7ac7ba9b0f6b22dd8a1915d51073d9d47406df8d	f4d7efb12effc35e6bb572848e90ddafaebf8cbef2ea465663b2495c3824ca20	9470d47cffca63fb5eadc1a07d2e0499c1e98500b5616119bfb882769e9d1477
furniture-geode-chair	11	1224	4	source/furniture-geode-chair.blend	glb/furniture-geode-chair.glb	runtime/furniture-geode-chair.model.json	826cb7c66b18e9bc6661c0c3ff0184efa4a834b8048ab304c6bd3e4f815ffd1a	8c93da83820c040bad99583547308ebd7760af3571d522c83cd636b9aeb1ebd2	6f8bc8ecee2f07cfa2f3fe237481ad469bc1030bfa3c80e43e45912e4fe06be4
furniture-geode-pedestal	9	1524	5	source/furniture-geode-pedestal.blend	glb/furniture-geode-pedestal.glb	runtime/furniture-geode-pedestal.model.json	4afa0d0d526f5e9649e4f156c42685e524c059fc5809121a187a8d4eabdb9c19	54fdb89276e60cd29081b451fae5ca0e930cbc6221848619fa897230792f26e0	798a417e4fdea6a6300fc6208565cf1aafaab3c00a085a8a4fda9c9373dc623b
furniture-geode-table	9	972	3	source/furniture-geode-table.blend	glb/furniture-geode-table.glb	runtime/furniture-geode-table.model.json	9f5e0aac90c03fad9c999d86518244337d2c8c451b28768898a371e878b4f494	e0618ef2f34bff4c4f9b76974f1928773c1b85d2a0c99593306f0f19fa88acd0	4c9d5908057dcc750e868b8267c3c7027ab2eda4b7cc7e90acb95e4f0f17cfb3
furniture-lapidary-cabinet	9	1352	6	source/furniture-lapidary-cabinet.blend	glb/furniture-lapidary-cabinet.glb	runtime/furniture-lapidary-cabinet.model.json	67107ee238246a4bc3deed3da0fb2cee9ac2397d9637651c5ca516a8d8ff3eb9	7674413fbd97c3cd0486f32e0ac5761f2ba7c10fbf37e012540e60cbcd7ebc2f	692a99af38db1f4fcb227d5ad2234036c5d2288833371318fcaab74127d43798
furniture-mineral-shelf	16	2008	5	source/furniture-mineral-shelf.blend	glb/furniture-mineral-shelf.glb	runtime/furniture-mineral-shelf.model.json	327d5bacfbf5803ee54a3add1f8bef68ee2896e0defe92386c9b304c152d916b	1b356dba8b63928ad60ce93a85253d8d709de89ffd983c27e4b43789d7d6e1f6	5cb616c829ca548a965754279bd0f77a51dc6478288d57906857f737964b2bed
geode-sample	4	4310	4	source/geode-sample.blend	glb/geode-sample.glb	runtime/geode-sample.model.json	c3978467696e0630462d7ebe604e828a766ed1532b61ff2bb36cfdc6f736cf99	d30860288173917704961e585a5f6ac205c784eddc955ae23f9d117781e2b97b	a7edc936425ce3fc53a850648d7e57a167fa00d7b6418d8c3743e7667834a967
Magenheim_Staff_Earth_Advanced	14	2824	5	source/Magenheim_Staff_Earth_Advanced.blend	glb/Magenheim_Staff_Earth_Advanced.glb	runtime/Magenheim_Staff_Earth_Advanced.model.json	2774678e66941f632a5ee9ed94c234f0bd332132df661df7ab4dc5883380649a	bae67081f419a17fbb9d1613b51e9732f8dad6936fbd18bb5321dbf5e1b40de7	edec2a69f4ae5a46f4949a38fac172082898a9f983970cf19916da667e8fc5cc
Magenheim_Staff_Earth_Crystal	10	1936	4	source/Magenheim_Staff_Earth_Crystal.blend	glb/Magenheim_Staff_Earth_Crystal.glb	runtime/Magenheim_Staff_Earth_Crystal.model.json	7166ee24753d7cac02341303bca81cf854b8a282a430bd592590b2595bea4f3e	1b9d145eb861ae583b8823e777b1338b147a269efc5ddf02c68f6b142916d578	443f63837b02e83657fdb73ee693414287a9f0f252e47c429558859627a87c43
Magenheim_Staff_Earth_Master	25	5112	4	source/Magenheim_Staff_Earth_Master.blend	glb/Magenheim_Staff_Earth_Master.glb	runtime/Magenheim_Staff_Earth_Master.model.json	8572b04b259b6da54cb50490268fc18c166662ea53d8e507ae8a75784676726a	91df197935702f4bebcd36a89382d7605af660625817c479b98cfd33062a2c6b	c6dd099cbbb8e14f35946d96e20d67657754228a2427b59eb28d326f79c5c583
Magenheim_Staff_Earth_Simple	7	1496	4	source/Magenheim_Staff_Earth_Simple.blend	glb/Magenheim_Staff_Earth_Simple.glb	runtime/Magenheim_Staff_Earth_Simple.model.json	ad23c1cf01bdce287414410b1ce2c2d7bd89f7f76a1a842387f933ccf3db1101	b334d6f6901183377d87e25c335e6e75ff39b71472e300f9a87fcde594ad8ec1	c38125694e9198dd19b5802a69af05fc23bdcc1721e9acc5d2d4727d3d4a556e
Magenheim_Staff_Fire_Advanced	16	2868	5	source/Magenheim_Staff_Fire_Advanced.blend	glb/Magenheim_Staff_Fire_Advanced.glb	runtime/Magenheim_Staff_Fire_Advanced.model.json	5dc45109622b12fde734d44194636b360b1e869582fc0157e199d52234381a2f	686ea9d7951f0350d1e2e307d6dfa87a48e54d2e79a6c0e284ab10f5c4085a40	8feacc4965bed61f93935f6791604ee1058ba722e487138b65cf0f327c31c119
Magenheim_Staff_Fire_Crystal	8	1716	3	source/Magenheim_Staff_Fire_Crystal.blend	glb/Magenheim_Staff_Fire_Crystal.glb	runtime/Magenheim_Staff_Fire_Crystal.model.json	0c71e8abbfa35ae2b138275955bd94aca8f76e06e020869731d502802d7e37a7	0b14dfe875fd2ea8b9902e3ec74224924806b22526f8c2dc808e2b558aa16e3a	386b0d7528d2c06300e90231ce395fd0b5f75ed51b9840a5833dc6f82b17ed6c
Magenheim_Staff_Fire_Master	21	3588	4	source/Magenheim_Staff_Fire_Master.blend	glb/Magenheim_Staff_Fire_Master.glb	runtime/Magenheim_Staff_Fire_Master.model.json	112b5076d2e1cb71178f07fa2981309fc4ac10de7c32bb943e546140adc06a85	13856e2bc5a055b8e2ed89c40251bd12bdb00dc1e5cca2cc02a308a78c755dec	6dad2b0e128fec09827c21c20ee8c27fd1aceb3bbcc8b557c5209299ceb53f5e
Magenheim_Staff_Fire_Simple	7	1552	3	source/Magenheim_Staff_Fire_Simple.blend	glb/Magenheim_Staff_Fire_Simple.glb	runtime/Magenheim_Staff_Fire_Simple.model.json	eeeebe01f8b7187298303d1a7a7f67d27c876f6ccd6dbc82393ce12db1567c23	c74dac3f71b538964a03792fdcf8c9b4994d2726b593f5c86479c496a8b2ab85	4e65a41d7f92b2f3834acfaf37fa777b413d30d093baf574f7205c8c59546f92
Magenheim_Staff_Storm_Advanced	13	2136	5	source/Magenheim_Staff_Storm_Advanced.blend	glb/Magenheim_Staff_Storm_Advanced.glb	runtime/Magenheim_Staff_Storm_Advanced.model.json	14b20da3aa237beeb0bda8ed4d6d124b5d8bdb6987d1652eada25e091690ead0	51de27fcf8a4e09a5eecd84a7f6580c4c058df4ade92e20f8b65018df0cc76fb	c8452d28c155a60608e45cc7281cdfb23918774da3317e12c78dbdbbd5e0482e
Magenheim_Staff_Storm_Crystal	8	1644	3	source/Magenheim_Staff_Storm_Crystal.blend	glb/Magenheim_Staff_Storm_Crystal.glb	runtime/Magenheim_Staff_Storm_Crystal.model.json	6d0e133afac2704bc935d3ad7201856a4da2c4aef8805861025a0d0eb2b47a0c	52eab8688fe7beed73b8c55c4279765848464fc69c94c6786ec9f441f100713a	f1b1fc84265bb45cfacbf89652a4dae50c358e155f5a0e6451637981db92c179
Magenheim_Staff_Storm_Master	21	3408	3	source/Magenheim_Staff_Storm_Master.blend	glb/Magenheim_Staff_Storm_Master.glb	runtime/Magenheim_Staff_Storm_Master.model.json	74ab97611e77f2b67f6a44e1f0f997e64632f8cbb7536ff10133e7c8e8de55af	d116cfcf44a404d8b0c6a22a4a69c634f7575a5a4e609d58447e5e34ba8ff80f	18a315be381c8923f790969723647aded3b02379c3580f66256ac745057ddef4
Magenheim_Staff_Storm_Simple	7	1552	3	source/Magenheim_Staff_Storm_Simple.blend	glb/Magenheim_Staff_Storm_Simple.glb	runtime/Magenheim_Staff_Storm_Simple.model.json	170142334535d2ff2c5d4f392290629b496afe856402293083f6858463643f4d	fe6aeb02903aa86f21e83d7e667945e299cb7e482bf800c22c694c744f1a5109	073c22f11449d19dca915a5cad5afc98d48412a3036120ca15c129df3dd56009
norn-spindle	7	1328	4	source/norn-spindle.blend	glb/norn-spindle.glb	runtime/norn-spindle.model.json	a375bf86173033df980fe8ac30344ffa78eba76006e88e423ae10a15d211de6c	278c3f07a7cabb876b80466dc3fe96530f46c8e9bcf7d57635b85584bfcf2a08	7d0cfdc867146d4c5a3e0f2a4c54d963193f06260eb1ee7a7daa34a9be874d26
nowhere-king-sword-firmament	20	2496	8	source/nowhere-king-sword-firmament.blend	glb/nowhere-king-sword-firmament.glb	runtime/nowhere-king-sword-firmament.model.json	697888a4901c38cb91f5d2121c64cc89f04e8dc810e07360d487f42cddd5ff3c	eabdf9d354794d618e2f359c33dafeaf3bf28c18033352b5d3f4ae959c4bb4be	b0c2d6016016de1a13ab0778b44ddd344225c4fb5f4f5b4113a3a4c2271d6b40
nowhere-king-sword-null-gate	24	3120	6	source/nowhere-king-sword-null-gate.blend	glb/nowhere-king-sword-null-gate.glb	runtime/nowhere-king-sword-null-gate.model.json	e61e8f74dc4c76a3e196bcbeb8f527381ef8851dd8eb2fd786430dfea71eed14	a1d6306469c5799000fb1b67996ef390c1fa2cad52088de4ac2ca8c4c847fc20	8f545de4008fd3a96d2e22ede359ec2fe99b7d252234ef4a1d904e467d41cf44
passage-stone	29	3332	5	source/passage-stone.blend	glb/passage-stone.glb	runtime/passage-stone.model.json	e2822c753a8226a06c56095629ecd3438b6d437306bb1161c6567d6b59f90af5	58da90a03421e51f9e527d61ea7586ae9c577093113d99fe7656b91adee01b91	1a569d781814f6d6117942dcc3421f6613737baa3c525852a2478f4a0fc6c460
rootforged-great-column-plinth	39	3468	3	source/rootforged-great-column-plinth.blend	glb/rootforged-great-column-plinth.glb	runtime/rootforged-great-column-plinth.model.json	fed726eca426a3155d20b59450e2b698ef63905da75d2e83bdf13183f28eb350	16e46e9984a58af2e1242c0d67c2e1a454be1e5862c74d64b764939b6f255e1d	d90327cb2a21b318a33891f8e7bb054cfa5adef53d2beb6c8e447f6e4bcb5959
rootforged-iron-banded-worldroot-beam-4m	50	11092	3	source/rootforged-iron-banded-worldroot-beam-4m.blend	glb/rootforged-iron-banded-worldroot-beam-4m.glb	runtime/rootforged-iron-banded-worldroot-beam-4m.model.json	ed7dec7888e34919beef41e9c181e087f219de702b1d76dc6ac9d4a3e274622a	849f0196566bd5ecd5991f97fa9d4f5e44c42445b6e8ef1d63de84886e449184	d54689228e8e158a4d5005a3c5301e431b623ddc107e1d8301538236dffd46e0
rootforged-iron-banded-worldroot-beam-8m	50	13972	3	source/rootforged-iron-banded-worldroot-beam-8m.blend	glb/rootforged-iron-banded-worldroot-beam-8m.glb	runtime/rootforged-iron-banded-worldroot-beam-8m.model.json	7edf4db2212659e65e66feafdc534fed23d7dd60b76d57fcab82f0ff04da5c47	6da3f8da8566956fa3f4e51b4f15050ceb27636891c531f457224d706e2bffc3	1eee7deccbc1805e581e9393c33fb016c0a6e28b03c9d12514a1602614551404
rootforged-rootforged-arch-rib-4m	57	11784	3	source/rootforged-rootforged-arch-rib-4m.blend	glb/rootforged-rootforged-arch-rib-4m.glb	runtime/rootforged-rootforged-arch-rib-4m.model.json	d60c275aaa00ccb9964d038265d677b44f73695ebc649ef5c567f446966448f0	932d1cf7454f666a4be8bcc1d680077653e8a87941e8ee1cc5ccf1ec2dbd912f	3832a0ebbd3921d057f286548cbe88cdc470a1fb9a5810181475890237317986
rootforged-rootforged-arch-rib-8m	57	14664	3	source/rootforged-rootforged-arch-rib-8m.blend	glb/rootforged-rootforged-arch-rib-8m.glb	runtime/rootforged-rootforged-arch-rib-8m.model.json	32f26e1b2cc857ca12f91ecddc3ae8edd800bba00738ad20cfae94ed76d49954	0e55994ccd936c38123dad1b9aee6f41fb56991e70a9eb8467bd3298bda207dc	97ad5f2203554b98bb52e520947ee5433974c6cfc1b27197c43c55c793a4e2b2
rootforged-understone-foundation-2x2	39	3444	3	source/rootforged-understone-foundation-2x2.blend	glb/rootforged-understone-foundation-2x2.glb	runtime/rootforged-understone-foundation-2x2.model.json	f6fa1f411d863b0773f3743798cc944af640b21f5867be1d4523201fe0018ec5	c8ac779953fa3ab9f47da40bef883850cef706938df7d430c28d21bc6e75b99e	fa09d1e9e6efd847e4d29dc28cd2917d245fa2d21ae128c024fe5cf9ba073601
rootforged-understone-stairs	50	5660	3	source/rootforged-understone-stairs.blend	glb/rootforged-understone-stairs.glb	runtime/rootforged-understone-stairs.model.json	41a8efe1c889591e7ba7ad07a560813149860bf8bd7446c5a913435ec668e7d5	750cd15586d95ae30e77ca5e491b53f7f6f9678ea2237b5fa0bbc609301277ce	6f9b07edb7d2862a78a77cf085e86ce33b053fbe74daaf82a932950be871184f
rootforged-worldroot-beam-2m	28	5600	2	source/rootforged-worldroot-beam-2m.blend	glb/rootforged-worldroot-beam-2m.glb	runtime/rootforged-worldroot-beam-2m.model.json	98343b36a288525f17243a0ad8df679810637d37b321ca148d71313e029874c7	509e4566e0b43044f414866256ff456d654a39cf47d93fc62572ef09f31ae897	8c4598695589422f60b2f118f6c965254e2c9eabafb661601a7048f9a925a868
rootforged-worldroot-beam-4m	28	6752	2	source/rootforged-worldroot-beam-4m.blend	glb/rootforged-worldroot-beam-4m.glb	runtime/rootforged-worldroot-beam-4m.model.json	29a942ba953029e6fbe99c45fa48068fde103a35c17e142d29f5b7bed60914bb	96ac7e4e9ddd8ce002db9b65e3c82a1eff9ee516742d48944634cfc5c7c3ff4f	3a6230b6a965623c31223a56d9101677f9df9b1742a74d41cd99a8c7364c3a7d
rootforged-worldroot-beam-8m	28	9632	2	source/rootforged-worldroot-beam-8m.blend	glb/rootforged-worldroot-beam-8m.glb	runtime/rootforged-worldroot-beam-8m.model.json	323967656b3a08c574d850e98cce80543c633d7fe74a3771f89ecab5abd42547	7a50f05e3ade0d70b18728765b261e63f5b31ec874bb9118e271d61370824c3e	7d1dc62ce9c4ed3fbffce71d1f2c2de7918d2450120bee12f652cb6d3bfe35df
rootforged-worldroot-floor-4m	37	6556	2	source/rootforged-worldroot-floor-4m.blend	glb/rootforged-worldroot-floor-4m.glb	runtime/rootforged-worldroot-floor-4m.model.json	cd7bca6957f3bdeab77bfd0d2616c0d114979bc4354071ede7a8c50714670a9d	64bb7e29806d8ed4328bce6eb5e7e18c71b4f734d63bcffae6f62ee8d6cafcec	23d89fb18f1535e58134685207ebb93d63abf4d42e6e40b53a2a46bc0d6647b3
rootforged-worldroot-forked-column-8m	38	13202	2	source/rootforged-worldroot-forked-column-8m.blend	glb/rootforged-worldroot-forked-column-8m.glb	runtime/rootforged-worldroot-forked-column-8m.model.json	bfe436c01fb111f94c4ad0038bc434cf13057a4c371a421e99500f7342226e72	88b53d122374b56a9363b1390ec19feb84968adf80e792535f1b51c40a52d914	7ea27a1e2d4cc2865369c8529725427e2bd65b418e06d22c56d261110c9c9a1f
rootforged-worldroot-pillar-2m	33	6012	2	source/rootforged-worldroot-pillar-2m.blend	glb/rootforged-worldroot-pillar-2m.glb	runtime/rootforged-worldroot-pillar-2m.model.json	76892b7e17024e762285be0c361029c447ca86b4a209a1cc2beb12be4fd02698	faecf6853a609405297379c5c35c1f2411cdc1a397aed1a7130bea3d1af6eef7	d49df32df5ac83028761b74bba58f97e476e0371a203dc7f25662cd964989b5e
rootforged-worldroot-pillar-4m	33	7164	2	source/rootforged-worldroot-pillar-4m.blend	glb/rootforged-worldroot-pillar-4m.glb	runtime/rootforged-worldroot-pillar-4m.model.json	8bd7a1511a16f4e52963b5a2dda5d4467556030f214ae01100791719eb048a7a	f39274e152ed2086de0d44703d61348ddd280a5b1483e00c60d3715e56c96dee	badce2b61d5c137290dd7dd74236196827c23818bb6ac90fd39495623c28a60f
rootforged-worldroot-pillar-8m	33	10044	2	source/rootforged-worldroot-pillar-8m.blend	glb/rootforged-worldroot-pillar-8m.glb	runtime/rootforged-worldroot-pillar-8m.model.json	16ea54cd627e64976f2f016ff4e421e4c995c5f37e6f4408281c232da8044dfc	ff6ed28e342be362b5f4bec598bd2dac9b8b08f8c8dd26aa13df2cf01c20a52a	ab0891f12f701eb353a8705aca1f155f2d1e3b7b3ddeec2c65be78f7c8ac6db6
rootforged-worldroot-t-brace-4m	38	13202	2	source/rootforged-worldroot-t-brace-4m.blend	glb/rootforged-worldroot-t-brace-4m.glb	runtime/rootforged-worldroot-t-brace-4m.model.json	3a5167991f3eec372e228cdfa5996aa17b31c02950c9230e20d479b9dd4e1ec8	26d2f3eb7a46da1e5214f9dc9daa9f0be41110926ebe9fb22740ac9b923c97fb	d334eca11e8ae4739baac5dc34f90276a230712df6aa37d80a919a38a3bb65fa
rootforged-worldroot-y-brace-4m	38	13202	2	source/rootforged-worldroot-y-brace-4m.blend	glb/rootforged-worldroot-y-brace-4m.glb	runtime/rootforged-worldroot-y-brace-4m.model.json	a24e8462a384173d60f71ae0ea7959d00cf650950354e74bc31f6b41ef4080ba	bf298794166707f58fe08137f6bb9d20389b4ed255182ba46778a499b050bc89	defc6449fdc50dadbd02443364bb9b170839cef49e37532551abda763cdacb6a
rune-engraver	10	1692	7	source/rune-engraver.blend	glb/rune-engraver.glb	runtime/rune-engraver.model.json	70b49fc1d96aa7dbeaa1bb9526c230adf2c3f8cbc4d591292bb4b65f2303b1c3	96a94380a9e0ef44b99528c199eff32e6c4d9ef4a39c87a3dee84a1f31e03168	e64b2ab5fc58ed0565d33b3338bbad917bf1a9076a5023e4ac80dfe319436c3b
runed-totem	35	4020	5	source/runed-totem.blend	glb/runed-totem.glb	runtime/runed-totem.model.json	67e0abf48eec4c7085b2ea13848a1c7a491058f3a74088b6b8f96dbdd6d5d729	b0a5faaab0c07c4be85745ead2e2023aa3e560496a1454b59292ca3f7c809485	d8c0fb0baef42d4ba9af5e98da1c2702807dd0249b50bbc7eb26a93242fd7c30
runic-keelstone	18	1980	6	source/runic-keelstone.blend	glb/runic-keelstone.glb	runtime/runic-keelstone.model.json	fb2c9a58e88868e5310bfc194c4cfcd171cce05e0e04062efa7fb7c0b36b3c9a	e65b6fdbf2511eeb1775a1449f4406911030ebe8952884827aded9826d9247cb	e7fe7aab958b93994a10320205de10ac9643f1effda8dc7cadb4be87b17d95fd
seidr-ritual-focus	21	3060	5	source/seidr-ritual-focus.blend	glb/seidr-ritual-focus.glb	runtime/seidr-ritual-focus.model.json	aa3c33447dab03daa7d9be5f43ac39d0fe411eb072151f9cd6f02dc52e203ca6	e504ab39610765d2464f0f85169c9e5610d2a41c8dbc7925f933a7366346e71f	1e9555d0db4c864e3bb73dde8dc233d163435b773fbc9735f212788a1d15c64b
sentinel-ammo-earth	1	252	1	source/sentinel-ammo-earth.blend	glb/sentinel-ammo-earth.glb	runtime/sentinel-ammo-earth.model.json	bfa1ac1e70839213f4aea373312a60dfd50fdd519990f5bf07a51169d0ec4f33	571a01ab5b37beae9beec20fe7453022a01b90041926fea396df27d3a68b0d4d	2c25877a951986447e8b94fe21d6592e32d94f9bd5939f50e7b14576cfb32f41
sentinel-ammo-fire	1	252	1	source/sentinel-ammo-fire.blend	glb/sentinel-ammo-fire.glb	runtime/sentinel-ammo-fire.model.json	93bf1eaf523ebd1d9b850c3cc9b5578e6523443c39a5e1dade9b263aae46676a	fbd413043bc048d7195f7bfabf54f9fdb56e06e4c44e96bad3273780d0c54237	30b0dfa7cbb791b651960302e08af32d92f4bec3024ee1cf6337ce3957a75333
sentinel-ammo-frost	1	252	1	source/sentinel-ammo-frost.blend	glb/sentinel-ammo-frost.glb	runtime/sentinel-ammo-frost.model.json	dfe41de92ac4ad5c6b96e593c9c8b6b199bf7dfe84aa305aa9850829f1f63f2b	8a03db6e57f969ba1a1563d12fa928b4d3652db1268a78b1960aff2e67d617fa	db1b66519f4132b0a44fdb77dec9d00c2c7c15276329d02e46271869648cc01b
sentinel-ammo-radiance	1	252	1	source/sentinel-ammo-radiance.blend	glb/sentinel-ammo-radiance.glb	runtime/sentinel-ammo-radiance.model.json	2cc051cd9fb5af825ba9de57fcaf9cd446c5b0ef483e8ec56e2c5e77645c3a8c	9187056cffc623e49dfaa398bf74d54171c3ae8192d566a522634986fad36336	c1f030036441e728688fe4de9a1fb9748f30768524f426212cae32080342ff25
sentinel-ammo-seidr	1	252	1	source/sentinel-ammo-seidr.blend	glb/sentinel-ammo-seidr.glb	runtime/sentinel-ammo-seidr.model.json	5496b484004374c6abe6bd3674cc2d29b70790c863708126da51190004b3eb31	293b368a288f35871d986c4dc588ee1c8f3709eb1ddac67bdbaf05f67009ec85	a3e13bd22598a59d8636d62e955a66bcd5e44cfd91b538c2f4b060d2e181e2ee
sentinel-ammo-spirit	1	252	1	source/sentinel-ammo-spirit.blend	glb/sentinel-ammo-spirit.glb	runtime/sentinel-ammo-spirit.model.json	59fa1a34ddc01e504e63ac40bda63ed2d3af4061c6bcc50d33dfec495c64e1c6	c4a336116dbeba29e8554fba1b77ea55f997e02659301548bea7d0fc5ac854b2	a50c80db369856b120d8d247769be5b67d013dfa24a1ead5d7996aa3e8bd05c2
sentinel-ammo-storm	1	252	1	source/sentinel-ammo-storm.blend	glb/sentinel-ammo-storm.glb	runtime/sentinel-ammo-storm.model.json	9b19b09f7b0a843fd9d5cfed2ff73f28fe90acd5a6c4024980c74f5eec3413d2	e34f2f233bde5ada523b6438aae28700fc4d44b9e453cd581168a64056b08e81	f800ea51fbde2329edd0ce4f9f407fa7b5248350d500b9fcc03eb74b9bc66be4
sentinel-ammo-venom	1	252	1	source/sentinel-ammo-venom.blend	glb/sentinel-ammo-venom.glb	runtime/sentinel-ammo-venom.model.json	0576522374b326ec5369516c56e21e6ef411f62b2d7100b60e8e07cecb12afab	e3e49b83270febbde9b1aec5054305da8d1c4bf0fdb0848c81f67383d1c37f8c	d5a81abb1f4f9f913d584916f701211623eb54d2bffdc7ce68518390a2b5aeec
spirit-fetish-raven	15	1864	6	source/spirit-fetish-raven.blend	glb/spirit-fetish-raven.glb	runtime/spirit-fetish-raven.model.json	623535c3e8a3a7ebbc487eb83865f16207cf257b7289491f9572af278b6f1b9a	81700d9cba048821a5946439607819c520b86ecea19e7faa6c85d6eb4120c003	79ca08ca7bb0f4009c3de18e8aa18e665ae720c1eaceda91e915c78d54d6a6b2
spirit-fetish-warrior	9	1072	4	source/spirit-fetish-warrior.blend	glb/spirit-fetish-warrior.glb	runtime/spirit-fetish-warrior.model.json	1605c0cc414b4b44d3e3ab4b8d16e63ffe6f6d2c8bb6898c079d6203b1581124	ef74d72d508e26450e82fe57d34155c382b047200c32999999c000938887c1c5	14ac7190c94102f216d84492629badd9e0d7ba554464eccb3d6069a82c28b937
spirit-fetish-wolf	16	1468	7	source/spirit-fetish-wolf.blend	glb/spirit-fetish-wolf.glb	runtime/spirit-fetish-wolf.model.json	052416bbd446fe8ccba63991d2756d1907d481511cc1c4311f3ac9e0b8cf6b6e	ba4e28ae1da2027ade4993585da012f627c00097eeed8ad287a765feb8d23747	7863d73af302d1402daafe0fd12a9ba45f0c380947db588113d05e45d3765b46
staff-frost-advanced	14	2664	4	source/staff-frost-advanced.blend	glb/staff-frost-advanced.glb	runtime/staff-frost-advanced.model.json	a44b96ed4043be4a44579f5dc16477c881e25a23e49257c778759b2854a98914	b68fad5cf7bc371f0e577fc4069be39533622677cd3be092b33440e2e73e9c45	c28f9c7b02f4d575598f13277a1899ad185a8ed4d484b64b0e81dc6ce3098d28
staff-frost-crystal	8	1716	3	source/staff-frost-crystal.blend	glb/staff-frost-crystal.glb	runtime/staff-frost-crystal.model.json	5ef73ac9dd1ff0b15d64642542f56b157cbe559f01ec17b43ef0b51d1e3e871a	61f1487ace573ed267c44ec1b233b0ef2c8e5c3cf59ee4aeddbe58d16e6a8de5	731b58bc2a7715f6acdfe031e22aac8fd5491a9cca382434e1f1287c59dec7fe
staff-frost-master	21	4080	5	source/staff-frost-master.blend	glb/staff-frost-master.glb	runtime/staff-frost-master.model.json	b5271587b4d94975261db35af5f63fc41831f02c31d309eaca25e9fdeb5c38b7	64b1401279750181c37717f527fe38c8a9d7c5cfff7201c7692685567d07e982	2fab439f79405c942eea9de07c43badf94d412fb81fddbda6580402063da5411
staff-frost-simple	7	1552	4	source/staff-frost-simple.blend	glb/staff-frost-simple.glb	runtime/staff-frost-simple.model.json	ac3da2e86a4c1179776b82db08d9c99a77d3f028007c2d7fce19f9ce6e124350	54c4bdce92dc31a4781fed4b610d6e3bf9da467f538eb1d471e2976c25a06dc1	99b3d5e6c27bd21552f0b19745b16aef109a190be706b6a57708e273ebaef998
staff-radiance-advanced	21	3160	4	source/staff-radiance-advanced.blend	glb/staff-radiance-advanced.glb	runtime/staff-radiance-advanced.model.json	654647e0d9d2358214e8607d3c73ba36abcf6f212f246e55c3921201102651d3	0123bf38987a9e6aa27a0363d36d5713425e5e17651472ba2d75a34ca1a7b847	e3ce227b97b011128bb65ff1bb674ed7826bb498780b7d4116f87879c4b7a7cc
staff-radiance-crystal	9	1792	3	source/staff-radiance-crystal.blend	glb/staff-radiance-crystal.glb	runtime/staff-radiance-crystal.model.json	2994f65f24770926e89a998fa979d0048273df053bef35d1ff5c5b87af56e557	1e2f60a70d136aadf36a6d0eaee0fd428117938baae701ded55e075592ce69df	22b3aca2739895f07867f25a80f808643e8a8cb15c753eb717cf42cb780e956f
staff-radiance-master	22	3664	4	source/staff-radiance-master.blend	glb/staff-radiance-master.glb	runtime/staff-radiance-master.model.json	1a23420c55e0a8880b65ace8ddd9e93ec6b543eafa58905c17667075d7341421	ef76fe5541926b6a750496c1275bd78125252fcc59fc8e66383a2f8b18f3fcb9	f08fbf40e0785cbac52d9e0451407b951f5cd5e350eff7a9826a02971ecdd1e9
staff-radiance-simple	5	1276	3	source/staff-radiance-simple.blend	glb/staff-radiance-simple.glb	runtime/staff-radiance-simple.model.json	2ab36187acde7f6d3b4de56d62a9c3ea2863b01947ca2b974c9fbd2480e20185	6db6450df554da96b4c7a2b49ce3fb4b8b30c1c08b79e6ed279b55d2ca505a0b	1a78a0eb31bd300a8ab7bacf80407718d6518519f29a6c10884e1237839af0dc
staff-seidr-advanced	20	3028	4	source/staff-seidr-advanced.blend	glb/staff-seidr-advanced.glb	runtime/staff-seidr-advanced.model.json	512050cf3262ed3ebfff17fed34a0f2a526c54f9c7794c0d9613a19b360b866d	54493debaeb725de714e249910722c0e169d7b11cb338a8305e6b1da5c4946a0	9bef2fffbdc25508dfb1f54e50ffb9f2cfabbb85ccf3f99dd3b8bb10fa3f2828
staff-seidr-crystal	8	1900	4	source/staff-seidr-crystal.blend	glb/staff-seidr-crystal.glb	runtime/staff-seidr-crystal.model.json	fdf90ad5aa9699cac10f530f1b9b8e4af8965569e87a4775ea3ff4b6c3ca616b	2f2645a43b24853d2d4bf4c1c939474809996da6c02229384770674670f1d149	3d93c711dc313cbf6bfa95d1c97e5e417b1fa09c673be1654ae79946d775e5a4
staff-seidr-master	49	6880	5	source/staff-seidr-master.blend	glb/staff-seidr-master.glb	runtime/staff-seidr-master.model.json	189e8a3dd115881a4fe03d896173ec213a4a4aa3fa6ce260ec9014d77703c5df	f94ca824cd7805ab7802102875de659b4af7fb1bbe2848d6a7818e68507ecddb	011bb94daf0896a8654a0c1a029cd24d3ae5e8da25f05878f980d3cdd1ac1906
staff-seidr-simple	6	1384	4	source/staff-seidr-simple.blend	glb/staff-seidr-simple.glb	runtime/staff-seidr-simple.model.json	832cea34fa04294a32cd69a5faae7a5af99ac55e09788b999d076c749f5d2cf5	34e8d5dcad9d46526c793cc87ee11c55b331e892a13246849da9c8eef6cdab2e	81c6a5f335cc1384e3911a441cb441e102a7dee773acfe2daff822133313d2b9
staff-spirit-advanced	15	6168	5	source/staff-spirit-advanced.blend	glb/staff-spirit-advanced.glb	runtime/staff-spirit-advanced.model.json	d604d1d7f384a7d4cb6f85864ae23d7703c13f98d17f052c14633916e78f7afa	ffe86c22775dc43d555bdcd6585fa65666c96c3a25e7c25b6e41dbd64f1e4808	de48393a66562bac007e770896c8a89eb917088e3b537a599a062a36417787ba
staff-spirit-crystal	8	2352	4	source/staff-spirit-crystal.blend	glb/staff-spirit-crystal.glb	runtime/staff-spirit-crystal.model.json	f6654bec478615085061dce7b19715c34910cbc07c12eae417da525eeac104f3	8d1efa5adb0f8189fa45bf705009f3142ce8a7edf31c7431befac5e4081c06e0	4b74cc889584dcbb8ad3eb6089400c4a48b2f5cda04358cc40fc62552047fc38
staff-spirit-master	29	13584	4	source/staff-spirit-master.blend	glb/staff-spirit-master.glb	runtime/staff-spirit-master.model.json	7deab9b1a3baabf30c0e0ee6cef4fcc22065959335c7ad0488c9b61a3843f338	998554e1e991b3f5f7afbda3149ad5c1a97f6a5011cf14d4b9770b04ba24de88	0abd16b4f969ba3d9af877fa1dc674cb72e1dcc968ca681269c56ed8bf8cb0a5
staff-spirit-simple	4	1308	3	source/staff-spirit-simple.blend	glb/staff-spirit-simple.glb	runtime/staff-spirit-simple.model.json	dd41d23a1df2088a9b343b215d5efe7afeb89ff1379ae77376d869e437399a3e	93da2c3ebe2ff781f274b39376ed31a9bcb196e739e0775f463bc6880aa3b162	5b2d5dc06704a4ab78e86b4484869cd0d08d27f7a3360c55c6f7d4ff9882c719
staff-venom-advanced	21	3216	4	source/staff-venom-advanced.blend	glb/staff-venom-advanced.glb	runtime/staff-venom-advanced.model.json	6b8c4f615eb17244ae118beb1ff0c0607c74535b25097053d103c67a1791af65	ced7d49a6b15e1e1969efa82be3c024691f8905d0759452faa0abc710cd0ecc0	69c4e4289e31cfd970c695392f02ab362d214c75976a4be2eed4aa880936ae17
staff-venom-crystal	9	2280	3	source/staff-venom-crystal.blend	glb/staff-venom-crystal.glb	runtime/staff-venom-crystal.model.json	70258c58ba416dce5f1fef5ea3b24682ad41dc726269e4c6e9cc695a040776a2	5a2840270a00672de7570968553d6e5f1d64a609cabd44459a340e8424ca753a	e42eebd385695294087305c8dab6cf96bea29d2660ec107362c790df33aef17b
staff-venom-master	21	3936	4	source/staff-venom-master.blend	glb/staff-venom-master.glb	runtime/staff-venom-master.model.json	114fdb2f8858aa505a9eea104a7a42d87ead5d3f3a49db68df9551fd7c4a28c9	ab4d45ca9a009f6bea96f994c51b859547f8c8080fd24fa651de710263289e2f	06f3ce84de7b874b00fcd9795af04f4760abb6d7331116c659d14c212a9e7834
staff-venom-simple	7	1552	3	source/staff-venom-simple.blend	glb/staff-venom-simple.glb	runtime/staff-venom-simple.model.json	29b5510725a0f6c055d7f6a9da5998e5222c006ded47a1118bd927603c7b69c6	9b37014dd3f9a346b234a63f0cabc6221870ef8680816fa694abe33725e378d2	f0cd1b4af386d9c4707fa840fc033f63b5a4425b4ba7585b5e862846e6949d75
underworld-armor-defiant-cape	23	3052	3	source/underworld-armor-defiant-cape.blend	glb/underworld-armor-defiant-cape.glb	runtime/underworld-armor-defiant-cape.model.json	635f157a8f289d39fd7c66030ff282bb9a2d5c528e6aac03152cee971d31ddeb	bd1bdd015f54e57cd15725f5ba1719f58d54f4eddfbb91ecebf5b3fb118ad517	01f1e42afbc3c3d6620b77edd3b81dee447f8dd9c668b05ae3b2fbd08f7233d3
underworld-armor-defiant-chest	26	3220	3	source/underworld-armor-defiant-chest.blend	glb/underworld-armor-defiant-chest.glb	runtime/underworld-armor-defiant-chest.model.json	3381936cc43f21db4020b7a327590d78304ad31c78d935c28f012dc0b2f15ecc	41d38d9e83e43a53be34ccebb74ce731a7994bc79f0752ecac8b136b4338dc10	06799fd379fae45d2ecb42553851a73176ab5f1f3dac46808f0c29afc823a9a3
underworld-armor-defiant-helmet	19	2504	3	source/underworld-armor-defiant-helmet.blend	glb/underworld-armor-defiant-helmet.glb	runtime/underworld-armor-defiant-helmet.model.json	1014477499a739743e5260e25ab2ecb662dc497d390413ad260e3c1a48a52538	5d91b41ad624b04667b48430bc8c0eabc52efb05bf0b8f8dad67e69e10cf5a44	4805cf5b0097d988b120912878912f7c456898983a1c193dec72334c3723bb67
underworld-armor-defiant-legs	24	3392	3	source/underworld-armor-defiant-legs.blend	glb/underworld-armor-defiant-legs.glb	runtime/underworld-armor-defiant-legs.model.json	85135f3136a55dfb53420d62739d67a1ebfc735032b322997b16b39bf5584e63	7e753084499abdd41a55e72ecf81c5532a091b1b13933a888724574acc7156d0	9472c85894eabdb8036e32072b4306e31c2060a4a5dbdef4217a3a9d19937668
underworld-armor-emberiron-cape	23	2032	3	source/underworld-armor-emberiron-cape.blend	glb/underworld-armor-emberiron-cape.glb	runtime/underworld-armor-emberiron-cape.model.json	fe79c7b660f1a6770766b3c2fcbdc61ddb2a53c5d1b677c301c524bb4dbcb9e5	f5c50e0ec07f6363320f3c7a2a22d0db63e8cd2e736763a25a6a168f5619f6c6	1891b154d37a02fb0f6b45fd8b9826173d94d9d113bdc85a6b8f6945d0212b1e
underworld-armor-emberiron-chest	26	1792	3	source/underworld-armor-emberiron-chest.blend	glb/underworld-armor-emberiron-chest.glb	runtime/underworld-armor-emberiron-chest.model.json	9598c35556cff91b49e7eb49cacd3909084f8af2368db73fb8ed5ae12ee907c0	722a26cdd28e60e02d735735bc10b4705ab21502d7dcaf421bbc0ee95cb95664	12c4f50a45d11473e8bbbbdfc4596989f50e7e82946495fb1dc645dce89d0be8
underworld-armor-emberiron-helmet	19	1484	3	source/underworld-armor-emberiron-helmet.blend	glb/underworld-armor-emberiron-helmet.glb	runtime/underworld-armor-emberiron-helmet.model.json	e4bfe0c234705f99fc7f2d9c3bd720bb0be8325484522e9e4161e12f507b3405	2345db0fa44c5363c6100871c5df53a2d6803d851b9682484310ba55510bcea1	d3d35063615656816e471473bf32c55e9a12e0357235eaf96e9f787671a43592
underworld-armor-emberiron-legs	24	1760	3	source/underworld-armor-emberiron-legs.blend	glb/underworld-armor-emberiron-legs.glb	runtime/underworld-armor-emberiron-legs.model.json	67b7ae58ee64817fab358f5fe1db52c5f9d9c34b04a5eb304f1d49512b700e7a	bf4472f7df06cc90f703f958a7da2f8f29aeedfe0467490a4e50bb0ead0b7332	f1ea78d3266deab4a98cd5d25926a2cb45f5a606ebaaf7f601ab38142d9b2afd
underworld-armor-palewater-cape	23	2076	3	source/underworld-armor-palewater-cape.blend	glb/underworld-armor-palewater-cape.glb	runtime/underworld-armor-palewater-cape.model.json	6b693098eab7cb72f6a644984f5f8ac0eaa9b3496e004ff295face0ff78b4925	0e8f1adc99175e9af220c36c41be369d9ba94df49397bdc7690f4e7ab6d5ad87	0ee355db80bf2e732a4be17d8e2c6a2a751123031e9198ae8fe669b45827950d
underworld-armor-palewater-chest	26	1792	3	source/underworld-armor-palewater-chest.blend	glb/underworld-armor-palewater-chest.glb	runtime/underworld-armor-palewater-chest.model.json	c321d420ddeadef0580b39a8f7d8396ab0bae8d105571fbe4218cab76ccd3fad	e89c31930d13886b34c2cc1cf6feecc2bd1f67ba2a12477b025ce8d31b22ae3a	3f3a005030108caf2688c4a185937201985a0a57d8a0c2267f3d7314ee4f76a5
underworld-armor-palewater-helmet	19	1532	3	source/underworld-armor-palewater-helmet.blend	glb/underworld-armor-palewater-helmet.glb	runtime/underworld-armor-palewater-helmet.model.json	b8e8becf3bba093f7672f58ee63ced05db51d33f14caec0a74a6eb8097e13149	68827eba0d13fb74626ec73e0df3a90af1b65a02ff8bb0f942ce2a661dea6268	4d3ce26286c4f2112f4f2b40fb7ddaf1dccc233d26c792268df2ab8122a4c90f
underworld-armor-palewater-legs	24	1852	3	source/underworld-armor-palewater-legs.blend	glb/underworld-armor-palewater-legs.glb	runtime/underworld-armor-palewater-legs.model.json	50384e3dfcb09ff1eda0d74a663cbbcc42dff6a4eff282ecc8a98a28895de2d9	8196f606537a293df95490c7fd79471a94eb5a6b8631a8655d5aa134cdd4a6b8	494bc3e0e7ec341e8f0b5f99a242fa358bc53e96b0295f372abce83452f6ee3b
underworld-armor-rimeward-cape	23	2076	3	source/underworld-armor-rimeward-cape.blend	glb/underworld-armor-rimeward-cape.glb	runtime/underworld-armor-rimeward-cape.model.json	c40e032f2e2bf7043e800d900d43c76238bf5ee95127b51a24b1aa78736b692b	bb872e8fd5eca22af5d5f07dbb529c2ba84f3fe9151fe5630a22f4bc7458a81a	e48f8aaafcd5813ba4384afc051b8cc238fbd453214b3a4523bc181cb5d3fdcb
underworld-armor-rimeward-chest	26	1792	3	source/underworld-armor-rimeward-chest.blend	glb/underworld-armor-rimeward-chest.glb	runtime/underworld-armor-rimeward-chest.model.json	d4caa73ae80c127a2939c1ed9dc9b81ce15c57562032dd7c4f73d0e144d0d939	d139af40f8632f3472c517a4b7af2468f65ffe66b5278f3efa58ac3cac3f82d3	55b64da5f4944caa4bd29917155d6c6d7a00441c8b0b50f34ef9afe3070dc1a0
underworld-armor-rimeward-helmet	19	1532	3	source/underworld-armor-rimeward-helmet.blend	glb/underworld-armor-rimeward-helmet.glb	runtime/underworld-armor-rimeward-helmet.model.json	e62e09d6706f963dac1400ad1f835cf0d1829463145c27a496a1cfc5c25d9ba7	322ecec3683e5e953a7aeeec5641bf6c01fc4e603fa15ff5326e978d117a2421	5e2eca4643be7dd556fa1d37d0c6222948ead10c12576ac66e2d20ddef591c48
underworld-armor-rimeward-legs	24	1852	3	source/underworld-armor-rimeward-legs.blend	glb/underworld-armor-rimeward-legs.glb	runtime/underworld-armor-rimeward-legs.model.json	e2c91dfd97ffbf4b92a34e35bd5a6380652d4fe3575ba96e135f9da6c6585f22	9d56e392b4ea6d6d1c03f13093ae9ab5c48997027f6ca37838c73e906ef3bd0b	c1dfa9b2d2da25c59c8958bb0c817217321a485e080576492a07b47708dc2f60
underworld-armor-sporeweave-cape	23	3052	3	source/underworld-armor-sporeweave-cape.blend	glb/underworld-armor-sporeweave-cape.glb	runtime/underworld-armor-sporeweave-cape.model.json	e017c08392c69295aca5af6fb31f0009e50bee661ffb5031e7d622cf55c76192	eea3151468b86ac4cc20d1e987b7efaf41f78d5f1b72e3d4bc6bc111b4ff14c7	3b2683e4d1cc7faa80da1d5d8bd132d05ef22c4a58349483970e866d31eb89c6
underworld-armor-sporeweave-chest	26	3220	3	source/underworld-armor-sporeweave-chest.blend	glb/underworld-armor-sporeweave-chest.glb	runtime/underworld-armor-sporeweave-chest.model.json	fa21212cbfdd91564833e1a014d59092459c85948a244e919d4196ce0b1169d4	1e6aa32e3f31c9723f58f8570baa7a6a818ce5773e854dac2c7a3833039ea99b	be373f296532ae186274b708c6e12815858c3c430572fa41b197b6d372fc8d4a
underworld-armor-sporeweave-helmet	19	2504	3	source/underworld-armor-sporeweave-helmet.blend	glb/underworld-armor-sporeweave-helmet.glb	runtime/underworld-armor-sporeweave-helmet.model.json	a8749d3e3c5bc947e02a90f5f46afaaeb33736709d132108df5f0281709e235d	c52f99324a0e13f2deb93876ee798d879de0a5c257ae003e40859c6bba3a4fb8	80a28635e965d2a52e70912ed2a685acf755a326867de28c6b62ed5a265ede83
underworld-armor-sporeweave-legs	24	3392	3	source/underworld-armor-sporeweave-legs.blend	glb/underworld-armor-sporeweave-legs.glb	runtime/underworld-armor-sporeweave-legs.model.json	00906a8b904fba41a9609786e291983eee225c65f21d442063ef5dcee7133004	eb233c507695d76bc60ae04f5bf8230495ec6e3a52b628bf12672f894b1bee15	dbd12a1cae3b8fba9d54e7305335da90a5929ad2afaa51c474a3a300a1f72c57
underworld-armor-stoneanchor-cape	23	2032	3	source/underworld-armor-stoneanchor-cape.blend	glb/underworld-armor-stoneanchor-cape.glb	runtime/underworld-armor-stoneanchor-cape.model.json	f972ff7be4ecc4330f90e01f0510f48f2e855c7ed0ce6600795c6fd5281c7e6d	a170e5939784fdeb2151394cdc74ebb4dd58f09b254b6ba4963d1d80f4b025a2	c2fc0039bc7c22494df2c85be48b74d9dcd88ece651b9aa102448d3b99ff71a2
underworld-armor-stoneanchor-chest	26	1792	3	source/underworld-armor-stoneanchor-chest.blend	glb/underworld-armor-stoneanchor-chest.glb	runtime/underworld-armor-stoneanchor-chest.model.json	a3fcb59773410c825fb081776204e9f7be8715f98c37d5e9ffdf7fd89202c91a	1da19643bb08b684c773a6521813b50c5d387f6a1ea869efadbc6e5ee71d88e8	6f1904e130200499abc9dd41b377ab4e5de47531814e28566934da8524fb9f39
underworld-armor-stoneanchor-helmet	19	1484	3	source/underworld-armor-stoneanchor-helmet.blend	glb/underworld-armor-stoneanchor-helmet.glb	runtime/underworld-armor-stoneanchor-helmet.model.json	daf04450d51950a2d95b4fae63be0da8a838701f83cd50b8117ab1da31563eb6	332c41f343665b28fe483d7f4c7b1553f071a3a67bfe46492818a32b5f350571	5efdb9507549350a0685604fd245647590d8fbfad004709326fb10a41fb0acb1
underworld-armor-stoneanchor-legs	24	1760	3	source/underworld-armor-stoneanchor-legs.blend	glb/underworld-armor-stoneanchor-legs.glb	runtime/underworld-armor-stoneanchor-legs.model.json	2c726bfd092d771da47767f8d8e37e36b11d6ae08fdbb52be57a9de1e65bc949	c96f8b8561458f43a5d7082af340512c8f5210e83962185cd20dec3225aa380e	89abf5f58eeec9199fd162a9a030ef563290590e74ef3c697bcb9fa6a0639784
underworld-boss-arena-blackwater-maw	36	10592	3	source/underworld-boss-arena-blackwater-maw.blend	glb/underworld-boss-arena-blackwater-maw.glb	runtime/underworld-boss-arena-blackwater-maw.model.json	7c1b414be0810c1a05b1abe803ce6be0bfc4e9674eae76e2c37d65a3ac4d5324	2b5f4679f78a32092266020af096b84795c1082ee21db76f3cc656e0e7b1ae86	e6c5516a87ec7c0f817ae39a7c296ca27cae8ddb98124ef62c759fbbb8361366
underworld-boss-arena-carrion-crown	36	12000	3	source/underworld-boss-arena-carrion-crown.blend	glb/underworld-boss-arena-carrion-crown.glb	runtime/underworld-boss-arena-carrion-crown.model.json	b414cf0b6a14e673fb38b593e9574fb1e1e1bd52b312f983bd7d41df6a363596	6fcedf16910e972895df48a8978d8e868ed88b0388b5eef5932160f8f86dcbd4	88b9bb61fb197e5e4dd048c2c5424497bb81eb694948e64d68a4bdc12ee80758
underworld-boss-arena-first-bloom	36	12000	3	source/underworld-boss-arena-first-bloom.blend	glb/underworld-boss-arena-first-bloom.glb	runtime/underworld-boss-arena-first-bloom.model.json	c2a9493cb40e1625f72d2790b406c5577f1a817ab5d2405585b182ee2e1f07f7	a70b821103c100e85c7ee592251d0bb55725557d285612608f41b6e525001619	19e5f5ff653cd9fb8b70c0838fad6d019d1d9e24678300990e2ade066362bff6
underworld-boss-arena-furnace-heart	36	10080	3	source/underworld-boss-arena-furnace-heart.blend	glb/underworld-boss-arena-furnace-heart.glb	runtime/underworld-boss-arena-furnace-heart.model.json	ad8ac93f9015b6911f6a4eb3baab2acfaa6c5a9cd05bccfd99d85baaad76b1b9	04c23a0c1409a8b490b91babb136270cb3ba89868eb7635eca5fba62941540ac	37a3f3a91b35253a873e6e7cb8af4b102738afb11b1a91baff8875310c1fc5f3
underworld-boss-arena-rift-titan	36	10336	3	source/underworld-boss-arena-rift-titan.blend	glb/underworld-boss-arena-rift-titan.glb	runtime/underworld-boss-arena-rift-titan.model.json	8904acd4fbb8c13dbb23fbf0985bf610850ba67d7455d550d81ccddd540c1907	1ae3a7b31dc151a6730d6181eebfc6fb18af73db2bcd02ed12552ca05922dbd2	3713aece757533a83519906bc6a4470dcd806081ec4494e7455517d15b218b9a
underworld-boss-arena-white-silence	36	10336	3	source/underworld-boss-arena-white-silence.blend	glb/underworld-boss-arena-white-silence.glb	runtime/underworld-boss-arena-white-silence.model.json	dd894e032ee7820bf813aa02a675e1d617404dfc9b615f6a312c2761890d8c15	1fc085710b36063ab815634abd9ebcd9ffad21dd5927e66f8289c8756a39bbdf	193ed27040e81642eb29311de97543ff2b77828d53002e85e451ad68aab932b0
underworld-creature-abyss-shellback	64	50088	6	source/underworld-creature-abyss-shellback.blend	glb/underworld-creature-abyss-shellback.glb	runtime/underworld-creature-abyss-shellback.model.json	7f6613e68d5ebb81d67e9065189b36def7e71a73b262f4c8d3bf942792a6ca70	c2b11aa354545c5560eacf48be6d7a977d77457f3b990eac4b015cb755dcc7fd	0cdb8d9757187dc270a072f4c875da4a9593d44677367bd5be68a53bd52368bc
underworld-creature-ashmite	53	9764	5	source/underworld-creature-ashmite.blend	glb/underworld-creature-ashmite.glb	runtime/underworld-creature-ashmite.model.json	5231b42be08d87cf2052b5f4f8b4c73460649ade52e71bc647c92b5dff7c2ec4	b0b44df54ec8f2eeb1818132550ae4a0d57faae96532f91f66d462591f688c9d	a047e7a5eff741e12156192197c4ec98f443356697f137656b8cc0313ac30c1e
underworld-creature-basalt-crawler	66	13260	5	source/underworld-creature-basalt-crawler.blend	glb/underworld-creature-basalt-crawler.glb	runtime/underworld-creature-basalt-crawler.model.json	690a906b9e445147359719bd0f14be765d2de660ba80239e3202d6fbde86f605	8054e7c6eb502fd7d96519401f47c44722b73d98d398d7d406260c8c8987cffa	7aa099e8c08dcb4af12862c7d98fa5fce1d3c886eae9a29d5f69972c8b55a196
underworld-creature-blackwater-lamprey	40	27919	5	source/underworld-creature-blackwater-lamprey.blend	glb/underworld-creature-blackwater-lamprey.glb	runtime/underworld-creature-blackwater-lamprey.model.json	fd0d3b95c38256de45c23dc276480a777e64690bc511942c8e27dceaf738ed6c	c7846efcb4c659ba02580245119d6432cd37ecf951431221ae98c062b2246a35	119b7307624140b42cd32faa0ba8441ad89ca5603727efba83940fbbc90ff9bc
underworld-creature-capcrawler	63	7880	5	source/underworld-creature-capcrawler.blend	glb/underworld-creature-capcrawler.glb	runtime/underworld-creature-capcrawler.model.json	cb100e09162d1a6cf1294aa4067f67392daf626210d3e1f1f2aeceb7fa91c422	0532ba0c67e726d0166fe0abfbf6ea98bd89656cc1285d90f7408ce80112841b	81185712a4dd25f008dde24492633e64663c98ac9ed28ac95eebd86529fad489
underworld-creature-carrion-bloom	19	1604	4	source/underworld-creature-carrion-bloom.blend	glb/underworld-creature-carrion-bloom.glb	runtime/underworld-creature-carrion-bloom.model.json	65edab096f7847bc27e210644f30e0d5f1d9118534b0709241f5bcdc95e72ad4	ac668cb6398659711d20f2d19bacf26f885b1f6ca72f96195d59268517ff561d	1e6b70056952b8ad6c6956562f1463533e95356c98339f5d9fb0060da1e1dd78
underworld-creature-cave-ray	22	9796	4	source/underworld-creature-cave-ray.blend	glb/underworld-creature-cave-ray.glb	runtime/underworld-creature-cave-ray.model.json	7a9e80a517720894ba3051dcd1fcbd854796caceb4ac203d7cf0af5ab47ee6c3	03efdae291bea7badea0d54fc6907ffa32db82aa0e9eb89c44426cf929187e51	35da87ec072c0cea5cfba751600b35056a05b6a6fd1c83d379cac882470fc9a3
underworld-creature-chasm-stalker	50	2392	3	source/underworld-creature-chasm-stalker.blend	glb/underworld-creature-chasm-stalker.glb	runtime/underworld-creature-chasm-stalker.model.json	a9901f316c441fd3d1fc513ee8dcce812f0f76b6c99883586561aa197fc925eb	3dcee8680315950c86eb7171b594db4fe6a212ed7ba586b243c9214c2ddad775	5b1ee9596e107c5cdcd41259b1615c5947400eb3a6878db7dacb5dcd3a80d804
underworld-creature-cinder-hound	92	18412	6	source/underworld-creature-cinder-hound.blend	glb/underworld-creature-cinder-hound.glb	runtime/underworld-creature-cinder-hound.model.json	53cb8c74a4feae978542896c56ced5b58335446731aed19f763d5609cbc576fb	d2b0d742b91e3f3824b68eb700a6ade48087dc2b1a348eae79a6f56d08082c6b	daced90907d6098c2af03af3e24ef296c55cfb4e698c37e69d186023c1a385b8
underworld-creature-corpse-orchard	63	5232	4	source/underworld-creature-corpse-orchard.blend	glb/underworld-creature-corpse-orchard.glb	runtime/underworld-creature-corpse-orchard.model.json	f0d92e3f4dc76ef55bb131b06369250fc042eacb3f446c25e21dbe145adc3128	bf11203f078ecd8bdc25975bb591fde8cfdfdbc74b08578bb04f849ab507cd7e	5f43da74841e6d2fa2d3a8fd0522b4323b9ad927142bdd8de9bd9f3eb290f305
underworld-creature-crowncap-brute	32	15840	4	source/underworld-creature-crowncap-brute.blend	glb/underworld-creature-crowncap-brute.glb	runtime/underworld-creature-crowncap-brute.model.json	03d0fedbf6522509b5b455d3198d898473178ca65ec71917ac0949258dd3bf09	f7b07245e97baf73ae29f2e3b4b3ba59503a4e094a9a99fb405556830ed0fd2f	5efc761c8b9629f7bb2c283c16e4265ca2fe662a6a407d0152c1cd12637fa3c8
underworld-creature-cryolith-guardian	21	1904	3	source/underworld-creature-cryolith-guardian.blend	glb/underworld-creature-cryolith-guardian.glb	runtime/underworld-creature-cryolith-guardian.model.json	d22cdcd413b623ad72dbeda67e448f2bb0bdb694d81802949b2e9b8716861deb	0ec9ffd2dcffb606684876df1d9947c78d3caa1e73961d3b129d5f0634236c44	f085a83b95d9cb1b5e833c79be0eaf338ef112d7fd4e383c05787ffe940d02cd
underworld-creature-decay-hound	24	2064	3	source/underworld-creature-decay-hound.blend	glb/underworld-creature-decay-hound.glb	runtime/underworld-creature-decay-hound.model.json	9e40dcd3b30500a4396da9b28876abdfc062e83f00f6861cc722f7b35ce2e22d	3b9fa0db7b19d7a73a8af99f95922adc8f17708da5dac91a243a7d9edc6cbec9	03621dff7b5a3897aec58e1a09d5299223a9deb6cdf234d81fec0138daab6ca1
underworld-creature-deep-hunter	61	31018	7	source/underworld-creature-deep-hunter.blend	glb/underworld-creature-deep-hunter.glb	runtime/underworld-creature-deep-hunter.model.json	e2d1e9b07404997038215ae5290da572bab32b0a4748e30e3aa04a76dabf1503	68c2af2bf973b51fa47a559e6e814a6be37a3d8a0fc82d7d1e91b1dff80dfe06	67a4dca41e13650550d9cc05c2071bea52eeaa4cc6e2970607475a97cb0fa158
underworld-creature-fracture-wisp	25	1232	2	source/underworld-creature-fracture-wisp.blend	glb/underworld-creature-fracture-wisp.glb	runtime/underworld-creature-fracture-wisp.model.json	b09971f4ef1444100c85f822c81e3fcbef902210893c4ed8813067bb8fe87951	d2a33657986a8609ab8d8bc0216ef08be84208eb6c3a21e7b058d98d42139b4b	e5a4dc0cffbae28af8c087dcc770976b2ece6a7d3887aa2960b1fbffade9b29c
underworld-creature-frost-tick	28	1544	3	source/underworld-creature-frost-tick.blend	glb/underworld-creature-frost-tick.glb	runtime/underworld-creature-frost-tick.model.json	20567bcda261dba48434b2af6c6a35051c0b06ad73e6b6d6031f38826ff68bdd	4c4f0158934e2a6338ca64029c008c6d1ad40b42b41b66cc8e85b4d145418f3c	9a1bad9fcc05385ae4583782fd3679a0113aedbe3671887da7f0e9b5549d8b5a
underworld-creature-fume-wraith	26	2056	3	source/underworld-creature-fume-wraith.blend	glb/underworld-creature-fume-wraith.glb	runtime/underworld-creature-fume-wraith.model.json	3036d43c113e9f72a3a799253ad864e1084862f9ac6fc45b8e685814e199d049	3123da9ea2202dd63ad684487fd2e8cf7bd4ff762ed1bc3d7126e6b2bec058d6	128171e40b22f26d3bbc71df3d0a34f09e7355bdcecbc22236373770aa99fe29
underworld-creature-furnace-golem	34	984	4	source/underworld-creature-furnace-golem.blend	glb/underworld-creature-furnace-golem.glb	runtime/underworld-creature-furnace-golem.model.json	71ee55bf7e6c9abbccddbeb6427b3b361f82496c584a1f5e6b302c184b8e810c	67811a752cd14b454d124971b01f0cb3aaba531252537ea5cbedacdad57901cb	5f3a161369fb4ab97ce6f83d155eb52b8849c33467bb2ca7416a8c8c1718af62
underworld-creature-glacier-stalker	27	2376	3	source/underworld-creature-glacier-stalker.blend	glb/underworld-creature-glacier-stalker.glb	runtime/underworld-creature-glacier-stalker.model.json	cbdc49de511d76403c02cef9060f6d5b77ac1bedebbe91f171d4675716b3e3d3	eab91da4af42ec05049f552b2b5ed26b0e101918447bd2e2727251852835be8c	c10ac787e1681a4d59a1145a0da84c7fcb662f235bb9835b7e146ce0de10848b
underworld-creature-gloomfin	29	10545	5	source/underworld-creature-gloomfin.blend	glb/underworld-creature-gloomfin.glb	runtime/underworld-creature-gloomfin.model.json	07edf86e4f34cd649be7db20a7af8d1e5a10581c91011182955295fd295fc459	a9eba32a69c20d78f455e8aa8445c006ccabde2b5bf4e56a6ee1208f1758a3d0	cec4928bb0aaa7a8ccc5cd517cdda36022a1d2ada6bb2b2ee8986d001f0bfc12
underworld-creature-graft-warden	30	2476	4	source/underworld-creature-graft-warden.blend	glb/underworld-creature-graft-warden.glb	runtime/underworld-creature-graft-warden.model.json	9cfc9aef8d0b53cdf3607b6e263dfebb935079204681b242a4d3b712f0f6cf66	6e2ce0918ddfd24d7c83854011a2e88ec6d935960cf13905421b510e227bfbff	8ed5e17250cb15111e5ddafb8df98d6be6f25fd15657cdd760725c0f70056d04
underworld-creature-gravity-leech	52	2008	2	source/underworld-creature-gravity-leech.blend	glb/underworld-creature-gravity-leech.glb	runtime/underworld-creature-gravity-leech.model.json	7fb04353613f088a2fdb4db8ab9317c3632191f8d9f3d4c46c4af99fb0c9deef	be318a503a26e807baba847d8d9cc74067eb7747350807e776faa21220036118	16899414e6106d5b96debe75a9aa5d941cd70f019ee71a1bd33341f21d625fa0
underworld-creature-iceblind	30	2332	4	source/underworld-creature-iceblind.blend	glb/underworld-creature-iceblind.glb	runtime/underworld-creature-iceblind.model.json	2f3fae339803776a4ed721402da465d95b887abd0e05666d6391d687f8216aa6	596b57a63145ad7553d01f22cc8103aa0014fa93e3f47925bcafb2cdeea331ba	8949670880f8998ff73c2fa7d335c92fa2df49d1e9cb6e058b74327e0af1b582
underworld-creature-lantern-angler	38	19331	7	source/underworld-creature-lantern-angler.blend	glb/underworld-creature-lantern-angler.glb	runtime/underworld-creature-lantern-angler.model.json	e2784a7ccee19f37289492cc5648196a28f9eb3e30216c21b8f22270337d4c5e	645a11d65f557e05d423924b2be880195f7b4b5f066d4fffcd05907f53416773	0e5139fbcd1b4775586f70ca42f58bfee85407d1bc9b4438ab14b66ab9e567e2
underworld-creature-lantern-moth	37	1680	5	source/underworld-creature-lantern-moth.blend	glb/underworld-creature-lantern-moth.glb	runtime/underworld-creature-lantern-moth.model.json	12aea5900648791366e0e7a183af300302a29b9b41dab1912f9658533e3a7538	8140f90a2bbf6d2211233c7d4576d8d7590f01ef81cce09e9cade7f047dffee7	a0535b635873b1a57fb37e7aa90b690ad2cb8c625b1e599b7e475964c852efaf
underworld-creature-magma-leaper	22	2048	4	source/underworld-creature-magma-leaper.blend	glb/underworld-creature-magma-leaper.glb	runtime/underworld-creature-magma-leaper.model.json	69cb3008f4c91e7339391cdca143b2f073bce9749026f0fc8106dfbb522fc51f	51032a541d4b286cecd3d143ee4e8df097fb47242b16b4bdc2777f8684646bd3	712ec3c149b289eddc9ecf2b6a3194a9da964fa2bb4471cb25a436d0e6143c41
underworld-creature-marrow-creeper	23	1600	3	source/underworld-creature-marrow-creeper.blend	glb/underworld-creature-marrow-creeper.glb	runtime/underworld-creature-marrow-creeper.model.json	2882dbadbcf3792a3d7a5766fda709f1d322982deed334743780440c888509d6	b637391405e9851a4e53fa40f80acc773d965867426952fbb63864a7cc302f6b	b46219524aa1823e59a9cba1487c075ebfb8ccb3e1958a5cf88fb86cd08a68f1
underworld-creature-mycelial-stalker	36	8160	4	source/underworld-creature-mycelial-stalker.blend	glb/underworld-creature-mycelial-stalker.glb	runtime/underworld-creature-mycelial-stalker.model.json	5bc47db8e144e314d2b20a2e5001fb4a910bdb899eb168b52c257a4f8d11d159	7758ee7fe7f8191e8f6b7834d18ada5980b3fd2fb95eb0ea2a33b22eec4bea01	62407634e6ced47993ad53a247fef8e26083688044aea6e5fa4a3539b0048930
underworld-creature-pale-burrower	19	1360	3	source/underworld-creature-pale-burrower.blend	glb/underworld-creature-pale-burrower.glb	runtime/underworld-creature-pale-burrower.model.json	9ca4122c9281c0723a05d4248630f6301055015593abb80fdbd79ec9cda77c8b	07c018cfb88b752a3f62f53164dbba385bc47c3ee410a3e16d144cc1beba24d8	23848a25d4f5352d376410fdcc5e42f864c4f3a2aaf142d03a15a075cd30400b
underworld-creature-puffback	33	11540	4	source/underworld-creature-puffback.blend	glb/underworld-creature-puffback.glb	runtime/underworld-creature-puffback.model.json	a5b760b6a9d28992adb4a6634cbbb3cb0c475db539cb7d8cb65efd2b11e3f9c2	906345134554afe36483c7ac7d4ed8dfcf2d373777d5e7516311610f49bc1e68	4015c0442720acf3fc93c72e68e1cafd3a140e646f6fb9634848526486b30ba7
underworld-creature-rift-colossus	48	3048	3	source/underworld-creature-rift-colossus.blend	glb/underworld-creature-rift-colossus.glb	runtime/underworld-creature-rift-colossus.model.json	ad48ad89d25b000697078b81a21de086a5290863d54016e1efcee52066f714ce	c53e99eea71504b383e88287a4d82c281e2a56d99cf4de75bc18ce69863c2b02	ca5033df6a04bd2a14552443dac690eab6c121b410267b68690ea5da975ba306
underworld-creature-rift-skitter	50	2392	3	source/underworld-creature-rift-skitter.blend	glb/underworld-creature-rift-skitter.glb	runtime/underworld-creature-rift-skitter.model.json	3af90578ed8301b35c91d0f726bab3cad2decaadab3397c2624418080eed6623	4ed3229eda44df3d80c9f7e3fdb95b6235f865f35e4ec72a8302c56c2dd9a38d	13679a9a2b1dbdcaff8c7f6b98aadb1f76b157a8e70edfb1a517d97449b8c88f
underworld-creature-rime-moth	15	1192	4	source/underworld-creature-rime-moth.blend	glb/underworld-creature-rime-moth.glb	runtime/underworld-creature-rime-moth.model.json	d8fbc74b9c5f54c7ca94fd17c2c4ffdb9dc89e7f17100afe55dd705c21871408	b5cad4e263d07b2c6581a44dc95ecb788a3320157d2c4353236b02576bfed461	2320a4e10ab94a34f9a1b692bb96ae311759f07100b6eaaae6c7c7df7b20f8bf
underworld-creature-rimewing	17	1068	3	source/underworld-creature-rimewing.blend	glb/underworld-creature-rimewing.glb	runtime/underworld-creature-rimewing.model.json	e3cc75514e38584d359d6a26b4595ed3fe98288c1a65e56af3d46293f125b620	d56784e23fa188c6e6b22d67d0b31466a42b4b27c1e5b19bda3197ccec4268cb	87144f83f62966c0c8621e40602462cd8f0cd232921b764ce25cb1ff0820af09
underworld-creature-rotling	17	1336	3	source/underworld-creature-rotling.blend	glb/underworld-creature-rotling.glb	runtime/underworld-creature-rotling.model.json	273749412886243641230a5afa46c8ed8ce44d3b8dfa4c589de373f0999143cd	52e1f99d33c94fae92c9765e84fc3f5605d87e915ef0201ee12a808911191360	c074220771628cfc391e3eb1194a0dd0865e7f7f6481b44e081559937a0552ea
underworld-creature-shardwing	44	1264	3	source/underworld-creature-shardwing.blend	glb/underworld-creature-shardwing.glb	runtime/underworld-creature-shardwing.model.json	d9af1eb9674cec2bed81a6a95e699458bbc2f9f34bc507edde46cdb71c7dd02a	9be4baaacbc222f2e03781f04dec18beb4b5c1fef584110ab6e1acf0af216e76	76f970e2b255a5e89ec1e70ec4bfab43f68b14bcabb81aad76d60baeadd3d8a7
underworld-creature-shelf-lurker	40	12500	5	source/underworld-creature-shelf-lurker.blend	glb/underworld-creature-shelf-lurker.glb	runtime/underworld-creature-shelf-lurker.model.json	801f33c33261779c86f7611725659ce576e38c2e4156cdc0915577a1b28e4bd3	c191a8d54fa4db0cd46627a2118e084239f2f8fd1b409f668ab501bcc3589e6d	87c227ebbad5618a9e7b8467fe6ed9350f2f0c18ed4eaf6b9dfa93a9752d7ff6
underworld-creature-shoreclaw	60	23480	6	source/underworld-creature-shoreclaw.blend	glb/underworld-creature-shoreclaw.glb	runtime/underworld-creature-shoreclaw.model.json	90eef4e2ef7c48c1ca9d32404a099bcf4b4eefbcbe83119600dbcbc861c5d47f	31ad544812301b4a2f0aa01a87f1c0a9fe2d5580699d324fe10ca7039aca003c	e4a913aab24d39fd327e367b10e3d6ec018bd8283d09d493c8122e492368801f
underworld-creature-spore-husk	23	1892	4	source/underworld-creature-spore-husk.blend	glb/underworld-creature-spore-husk.glb	runtime/underworld-creature-spore-husk.model.json	0de33a7b936f61dc6add7ffd757ed37c25dc4adc88d5a94025dc762b4aa96556	67055f70f2965e128b24b8297c603c8548b143f4a600283a50b8b216b505bff3	b2bf0f711e642cac3bd7a354d97bc1c68f9280fb7dc211df91c7b3a2bd25d688
underworld-creature-sporeling	41	8912	5	source/underworld-creature-sporeling.blend	glb/underworld-creature-sporeling.glb	runtime/underworld-creature-sporeling.model.json	d656cdafa85022273900b9f2e5076053e36b30ac2429844481ae455621865629	52dd8511e074529b71b0a005154412a9774e486caedd0d5abdaf950575563ce8	26c613e81571e16d3004f113a92957c099f0c780cde4bca091a176a590cc57bc
underworld-creature-stonebound	48	3048	3	source/underworld-creature-stonebound.blend	glb/underworld-creature-stonebound.glb	runtime/underworld-creature-stonebound.model.json	7e235b22d3ca474f021edc7d8853934138a1cee9bae7472a1e60fbd49119db80	9ec2c9596c5fb414c6fcc3059e9de9befba8d787b0dcf270a6fe01e908a167a5	edc79d27037fd20ef09cca3e470faad3fe6e9efc4402d897a0a95312aac91f4b
underworld-creature-vent-spitter	84	22500	7	source/underworld-creature-vent-spitter.blend	glb/underworld-creature-vent-spitter.glb	runtime/underworld-creature-vent-spitter.model.json	fd0331ed8a49a772a67894b8afdcb375f3eed011a2b3522b5f2f74baccb7b642	473a72abc940c271e5194b3fdf379b2c495c5834b3c92fcd96f33f577877e2f9	1e32551710bde9bacb232edc00c4293cd8faa83cb0ea8476a03be76448f889e6
underworld-dais	1	900	1	source/underworld-dais.blend	glb/underworld-dais.glb	runtime/underworld-dais.model.json	daf9a948ed49b0fe87cf5150f0af1c69a00f405c71964bd56398725918f179c8	ec4c4f5615fe24ba387cdf43a14aede21f555863b37277581a802c2f165c5e4c	98f2b7eb99ff324877106c1862ec34e215564201184636c12aa5cf7e8d571a9d
underworld-deepstone-bloom	4	808	4	source/underworld-deepstone-bloom.blend	glb/underworld-deepstone-bloom.glb	runtime/underworld-deepstone-bloom.model.json	4b8f8d5464068c1f18cf50f440a9ae8c813cd7a83ca42e9b20775207242b6597	c0f996c8285cd8d14cbea9ff41eebc2ad537cf8ac60ce6c015cdb09ab25fe3c0	14cb93b3a883539d5bd31c91806d661d7d9f040c0a9dfe79dd9acbde7af244f2
underworld-deepstone-cinder	4	584	4	source/underworld-deepstone-cinder.blend	glb/underworld-deepstone-cinder.glb	runtime/underworld-deepstone-cinder.model.json	b340473db74f4b8835a5655f57465f80f224311fc5594b1d5ddd30a2fd8b562c	23377418cc720611b54d28fd5a6ccb6374927a8bde268ae2ea03871f3ed00bc5	2caf34774eb4317967902d549e37de13951ffb4fd782ceadef3e68e5a396bb8f
underworld-deepstone-decay	5	824	5	source/underworld-deepstone-decay.blend	glb/underworld-deepstone-decay.glb	runtime/underworld-deepstone-decay.model.json	55949ecf9de88914ee117d47177d10e184b2e02be892ca45aba5881187f59c2f	394ea61a1ee4888e293e97792fdd7d164d3a18681fd8c1991ae0f9efac89c015	e47d5520b8e165f3b187025d7fd76a667a0688687713bd5e6b7e9a60a3f99fc2
underworld-deepstone-fracture	4	604	4	source/underworld-deepstone-fracture.blend	glb/underworld-deepstone-fracture.glb	runtime/underworld-deepstone-fracture.model.json	b87f74d980f5eb6b8824e089364681835555dd65bc82e152b193352b9e69b254	db80c43b0d6d2eb398fa0faf9e2a1bdc2baf1a6be3b72bc7553b6b7768594864	87f120a775fb25c84280569ec960c5d8b3ebf4d7a07a4db1a173689bb3f7ac18
underworld-deepstone-rime	4	584	4	source/underworld-deepstone-rime.blend	glb/underworld-deepstone-rime.glb	runtime/underworld-deepstone-rime.model.json	a520fa029799369d2c06b0e490b454935f9d253a4331b0e041b152b4d768d5db	ced0d0b2d7220e5877197682f7e996883fee8bed60becdb6d4474290d9cb3d26	0de6f3e5c948eec6b9ca0f0da562ab9aa4c2090482165d2c8d59003f83527952
underworld-deepstone-tide	5	1048	5	source/underworld-deepstone-tide.blend	glb/underworld-deepstone-tide.glb	runtime/underworld-deepstone-tide.model.json	019953c6cd77ead98cb73f72d0178a93e9159897e42eaf3c5fc881b4e239f76c	a20c1385b11abcd067d4d0dd17e70c34120d086664926272b9adaf98ef5ab4fa	c1eac609f78a62f4c69767e87cb222d4e423db89e54b4efd09f25b71fa109f2f
underworld-descent-monolith	1	192	1	source/underworld-descent-monolith.blend	glb/underworld-descent-monolith.glb	runtime/underworld-descent-monolith.model.json	01b20bbc00e70e8bc004e3eb996e1459c9d02f3da65530232d5a7cb7e663ba01	b512ccd575a18ff5bdd639a22f2e69faf92ed88a17294b73c9c520bf1744b17d	80895523f39334f81ae702c3beb7b19af18c6b646d066f3f1018989b69633489
underworld-flora-blackwater-brine-fern	1	792	1	source/underworld-flora-blackwater-brine-fern.blend	glb/underworld-flora-blackwater-brine-fern.glb	runtime/underworld-flora-blackwater-brine-fern.model.json	43c7e45439ae416af7ef9ab16c030b66929373444691cf6cbb9171ad3025e549	03e1c3b22f7526debfecdf25bae70b9d56155248b0ed51e91d620a36bc892119	416322a1e2715eb5e626718292c3968f7748e350811b93ab01bbe75b3e1d3ff6
underworld-flora-blackwater-broken-column	8	1762	3	source/underworld-flora-blackwater-broken-column.blend	glb/underworld-flora-blackwater-broken-column.glb	runtime/underworld-flora-blackwater-broken-column.model.json	1fdf2bdebae9ae85f45be09a66b4423fe1122f998def907763a00d83d6b3bd32	f1967c7873dd8c9ff2d2ce8601c76ae93fcb987333143f82892be7268f876961	2b9995ee6c2390ad75b1b4e3bdb5e8b042e3870e27296da218d26e51fc12e77b
underworld-flora-blackwater-drowned-root-arch	5	7932	3	source/underworld-flora-blackwater-drowned-root-arch.blend	glb/underworld-flora-blackwater-drowned-root-arch.glb	runtime/underworld-flora-blackwater-drowned-root-arch.model.json	9d05ef1b80a235d3a0589c6a4ebd7a84ecf18b7f7fee5dc948732f5c572ceff9	de9ed2e4fa82e4314d9cc7b27583f0a6418c438ee1a0fec58f5b2b91f2b07221	1cbbbf675d7133e450dfc32687da3ffc67b0520065d3b8c65df5f93590d20c55
underworld-flora-blackwater-fingerstone-rubble	2	736	2	source/underworld-flora-blackwater-fingerstone-rubble.blend	glb/underworld-flora-blackwater-fingerstone-rubble.glb	runtime/underworld-flora-blackwater-fingerstone-rubble.model.json	ae2fd0aa5e78a1ff2da6443675020516d306c577594960f6a208d3d8dd9826f6	b8cc3e1c1562470389947fbafbcaeff9aab855e11d9b7e95de76c460033b174b	f60e54da8412f8d6d65f52c5cfb1fe834cbed1074c145b7daaf101a6d0acf8e0
underworld-flora-blackwater-flowstone-spire	5	4096	3	source/underworld-flora-blackwater-flowstone-spire.blend	glb/underworld-flora-blackwater-flowstone-spire.glb	runtime/underworld-flora-blackwater-flowstone-spire.model.json	41083c5480af2c8c505dc9a63e92a9b7f6e96e905b81354d9b3612cd226a5dfa	037529694ac15f1c633312719ccc392e5d2bb502990bc683365ea1bdac9c04c9	fcb520ea1a8988fe75954afd40a02911f3a7d5a66fff1e30bf47a833e9919d45
underworld-flora-blackwater-lakebed-shelf	3	696	2	source/underworld-flora-blackwater-lakebed-shelf.blend	glb/underworld-flora-blackwater-lakebed-shelf.glb	runtime/underworld-flora-blackwater-lakebed-shelf.model.json	006fcdf14cf9f23d99c6ce60e6ce0c9523d506e49ea4835e7610d8d568071c8c	4f9401434d3601e1f3c6f19fcb7fd9cfb8eecbb3ac17f96d421374af816b1bf4	42b0ec871d958496ec2281e9bb039d86a74c3b4f7f267a9bd9b563ae522128a5
underworld-flora-blackwater-palefinger	1	1232	1	source/underworld-flora-blackwater-palefinger.blend	glb/underworld-flora-blackwater-palefinger.glb	runtime/underworld-flora-blackwater-palefinger.model.json	8e11b843af1be6595a76f562071438cba3f07fc3abb36f5981ab2e6931301936	e492bea0c2f3e66e9595b16e3e5dcfe16d06115794aa0be958636b5fde18b4c9	d467c0ac6f15dea3851fd406f774f44daea733acb57a1e0d66fc51e9d39ba60c
underworld-flora-blackwater-pearl-caps	2	1632	2	source/underworld-flora-blackwater-pearl-caps.blend	glb/underworld-flora-blackwater-pearl-caps.glb	runtime/underworld-flora-blackwater-pearl-caps.model.json	bd1c1adf563911e1fef68f9638ca80dc03019634f7aaa258ecb0e865fdfc8315	61386ecaac7d175134b50039afd1d0bf1986d824d4737da2de753ef99e3130ad	53f44ef005d06757e079d3b098cbedc613bac044807fd23b1888b3c87baf1467
underworld-flora-blackwater-rimstone-mound	3	4400	3	source/underworld-flora-blackwater-rimstone-mound.blend	glb/underworld-flora-blackwater-rimstone-mound.glb	runtime/underworld-flora-blackwater-rimstone-mound.model.json	ad74f4384a1e45e4bb4fc37920f9a481d7f1fa80987a45773d81565174c655d0	76021bb8e736d0cdd8eda1b85a97c6a9124b8ea18bb7e580a03d9d4c1423083d	28067e9603cfdcc71c9a19ad7ba7f1861ae65de26a18c985c1b4055aa903b0f3
underworld-flora-blackwater-root-fan	2	1864	1	source/underworld-flora-blackwater-root-fan.blend	glb/underworld-flora-blackwater-root-fan.glb	runtime/underworld-flora-blackwater-root-fan.model.json	93a2e783d3873a27798011c8a548e08e958ce6bb00b8db0f4c681acb6ec65029	4b3debe10008db748d42f88494231f7e0c2f5d747ea3abeac6adc807e2e175d2	844543a0fa906097167c4b1c1cea9e4e52d1a39fec8e0262d7031fab0a1ba8d5
underworld-flora-blackwater-root-fingers	1	1500	1	source/underworld-flora-blackwater-root-fingers.blend	glb/underworld-flora-blackwater-root-fingers.glb	runtime/underworld-flora-blackwater-root-fingers.model.json	a054fe89e9e409b4fd8ea9ab2f48511d374637d52702dca7cadca34b5ec97b42	afce2e8668e259e47f04f2a28de309543ad1d1cdad3a548dacdea5158d533645	c49ccbd124c590d18412248d58c6ea947407d736c2094efc229277c70a380700
underworld-flora-blackwater-wet-stone	3	696	2	source/underworld-flora-blackwater-wet-stone.blend	glb/underworld-flora-blackwater-wet-stone.glb	runtime/underworld-flora-blackwater-wet-stone.model.json	3091e9d214ea319fdc7566fef9150fab23e42ba52d83662ef16489c51cd0e2bd	366001f1117861a2383e6c612c052f9e8c44df47f89bcaff21ea048bba6509af	9996ccc89f3ac77fa173d5357ad53c9410c6911006bbe4d0b2d5ed39caa2fea3
underworld-flora-decay-rotbloom	5	8408	3	source/underworld-flora-decay-rotbloom.blend	glb/underworld-flora-decay-rotbloom.glb	runtime/underworld-flora-decay-rotbloom.model.json	756275ff1bb0585d70009b7d343ba868845743bc6898ce384ae7b5e7728af699	c9a44b468c87ab16a8230b70589bdd6e1e4576454cb00d666390331dc7c82d8e	6034b1a20bc239b6310ccab31b886ca10b7d38cc230772038d33e90352492bfd
underworld-flora-frozen-rimecap	5	3864	3	source/underworld-flora-frozen-rimecap.blend	glb/underworld-flora-frozen-rimecap.glb	runtime/underworld-flora-frozen-rimecap.model.json	136990606c445754642c98ef67f74d34d76d88f9d2906a5e5f90becd0731390d	2a4805e0cd26b88a48bf41e7021d96b4da9c030078ddae3a4832b4c6c701e91b	4d14853bcc907de2b89af1c8bbb69301137d486dd6d79ec990a617022c83f31c
underworld-flora-fungal-amber-bed	2	1904	2	source/underworld-flora-fungal-amber-bed.blend	glb/underworld-flora-fungal-amber-bed.glb	runtime/underworld-flora-fungal-amber-bed.model.json	75b838d2b1cd839c6d16882496a423f8949c48d30234328308bafb61855841ad	f9f2d79d8c28668585ffd3914ba936a0fd83ab607124d607ed0247f859bd08f1	1a708c0e1c4229ca17f3d22bd2e5addd5022ff7e4640143c548f9f35b9fab457
underworld-flora-fungal-fern	2	856	1	source/underworld-flora-fungal-fern.blend	glb/underworld-flora-fungal-fern.glb	runtime/underworld-flora-fungal-fern.model.json	51ce630b37b69be03c6f7f93fbbedf651ff20acc39ecc2741e6b577b386fb865	41620da54f31eeaef0d4fb9e81f6435b8c8bba1f6259eabeb0c4163d70d70b1f	a9dcf67647e52b281b7d51738c919a9f49032406b9194f0c430359fb2c828837
underworld-flora-fungal-glowcap-bent	3	7442	3	source/underworld-flora-fungal-glowcap-bent.blend	glb/underworld-flora-fungal-glowcap-bent.glb	runtime/underworld-flora-fungal-glowcap-bent.model.json	a3e6064b34db8df274880a4fb8a660c47c21b952424e826341fe249faa78d9a1	c9f34c466c841773272e5e4a5c4ace5337b456500bfe31a00da38420ba156dc4	8c5f899f5ede62784763c10f8df02c034f6892fe62b3e70afae244050ea3e9b8
underworld-flora-fungal-glowcap-elder	3	9422	3	source/underworld-flora-fungal-glowcap-elder.blend	glb/underworld-flora-fungal-glowcap-elder.glb	runtime/underworld-flora-fungal-glowcap-elder.model.json	889478df0815525cd339a79fffeaaa475be132d4d7fd66e29843d61b6c30dcdc	36c212c378685cd76af82d649fb9cfbdcc37e1e3933cf5d85b71ae22fa5189d1	7a1d7496e0d8c884fd94786102d232ff4f21b5df5283ca3c1b60d4dd02b97586
underworld-flora-fungal-glowcap-twin	3	11618	3	source/underworld-flora-fungal-glowcap-twin.blend	glb/underworld-flora-fungal-glowcap-twin.glb	runtime/underworld-flora-fungal-glowcap-twin.model.json	e2d2f09c99588948098eb6790a96518be9eede665f16202be72cf7324b966184	7ea80b2845016f92fd373a2947e13ea8107a2d4643183f042efbc55ed510bcdd	06a6cde7a2132964e2fc3c5dc417f4ba7b9b8ccfa492ed688ee42fa140f7ba49
underworld-flora-fungal-glowcap	4	2776	3	source/underworld-flora-fungal-glowcap.blend	glb/underworld-flora-fungal-glowcap.glb	runtime/underworld-flora-fungal-glowcap.model.json	a366a3c99bb33fbfeaf032bce90ad4201ccdc2c9ead83f1fdf2bbf57df8282be	47d1678fb56ae20282dfeb1dd19895bd6ec6d8874274e56c8755d0aedf668760	8cb304228e848987f0bef5cde2b4158a598a10c91654a90cc379e53b741c3700
underworld-flora-fungal-lantern-caps	2	1360	2	source/underworld-flora-fungal-lantern-caps.blend	glb/underworld-flora-fungal-lantern-caps.glb	runtime/underworld-flora-fungal-lantern-caps.model.json	fdd1883beec40c913456b357917c6d15cfba4cd60aefcdc5fca2591b377e3842	967a86b74b549bf5299dee4fba7d509fa6420bf50a43af662d5c9a394cab9189	1322f1dab241d07ebeb1b61c0b88019116f25f132e77bd02e17ee2a9fd4258e5
underworld-flora-fungal-moss-stone	3	872	3	source/underworld-flora-fungal-moss-stone.blend	glb/underworld-flora-fungal-moss-stone.glb	runtime/underworld-flora-fungal-moss-stone.model.json	03eabade133957f190e8b056ca8426ea509c8c8a46b22d36d6e19a1b93eacc9f	d749349a7651d04c1ef637a3ebd8eadfcf3d4a9ed6378959fa77685c8b025dfa	503261da209c6de97b35f7f8b5661cbc0564cae502161e9362979a5e55876c75
underworld-flora-fungal-nursery-caps	2	1728	2	source/underworld-flora-fungal-nursery-caps.blend	glb/underworld-flora-fungal-nursery-caps.glb	runtime/underworld-flora-fungal-nursery-caps.model.json	12bf8e11ba8440e0278205ea2da152ec06e3c2d0adeb5394feb7ecd444398554	01ddb8e2452cf4553ca2a89e10d6a30c808b16f43a8c73f8edab1b6eb72d00c3	2acf72cea9aa515d0d200ad32f385fd14aaedfd1941d34450faeb39852650c63
underworld-flora-fungal-puffcap-clustered	2	11674	2	source/underworld-flora-fungal-puffcap-clustered.blend	glb/underworld-flora-fungal-puffcap-clustered.glb	runtime/underworld-flora-fungal-puffcap-clustered.model.json	56dd25d7472f4e789a3b4635201f43f72abd15acc8c5ca1956ad07c20b71048e	f99b9d4967cd8eb1e253460be9074c2198fc97b4a7163d8aef89874831d60136	50dcc6bbc13b0aaf9668f9a4d35ecc4bbca8a8cfc259341c3d219974004f7e0e
underworld-flora-fungal-puffcap-forked	2	6246	2	source/underworld-flora-fungal-puffcap-forked.blend	glb/underworld-flora-fungal-puffcap-forked.glb	runtime/underworld-flora-fungal-puffcap-forked.model.json	f745587871b0b53dd4bc9b30e664304758f75dc4227226cff91cdd8220f59311	59f20131f6bceff1c3805836914fb4f2ea4be9aee9f3af49d5012235e3927ca4	5fcd188d9c8b698b2e02399ec2b834ec131b6cf9775ac9f40201150eb8a06c00
underworld-flora-fungal-puffcap-spreading	2	9690	2	source/underworld-flora-fungal-puffcap-spreading.blend	glb/underworld-flora-fungal-puffcap-spreading.glb	runtime/underworld-flora-fungal-puffcap-spreading.model.json	703776015d52f11d1e68f8b824ca3b44836dc0a10ac9f58cbb8869dcf1dc65c4	6cc40e5733604c6077e91c17927f2bbd242f5d59f6f6760d2701e19de8f7320f	9c42d21349f16178168c68b61f0e103515ad7f5abcdeb5755273768647c123d7
underworld-flora-fungal-puffcap	2	7598	2	source/underworld-flora-fungal-puffcap.blend	glb/underworld-flora-fungal-puffcap.glb	runtime/underworld-flora-fungal-puffcap.model.json	664458e3b0947a3e00d944feb88eb4854eadd2a3607ad8c71c9a9226f3e0cc90	1bb15493d6566a51f54ce03773b490c1df8bb8ffb61340971dc2e5e5cf5273d2	4b7224fcd0c1ac58a4db76c38cfbfcc9a65094f90f9a6c4166fb8185a7317b94
underworld-flora-fungal-root-skirt	2	1024	1	source/underworld-flora-fungal-root-skirt.blend	glb/underworld-flora-fungal-root-skirt.glb	runtime/underworld-flora-fungal-root-skirt.model.json	c7d1a95f20002a7a9b8e06f7c024c5ec7938e6237d46308cdc7beeaa42746aab	d6d273da5c967d740a7c044584f3a74dcd3157065d2d6e9c62ffc57ee586ffab	47ab929afae3d54b9ed30aaaeabdf83b5c14676037f4a85c7ef3ce5e1c14a56c
underworld-flora-fungal-sapling	4	2776	3	source/underworld-flora-fungal-sapling.blend	glb/underworld-flora-fungal-sapling.glb	runtime/underworld-flora-fungal-sapling.model.json	fc43ced5c2160af36bc5f8f195ffbdab246c8f3f98c5fe0d028572613b222a97	bf1b8a1ee2eba1eab8e861c527a6755663b0922835773fb953b2e28e8ec76577	409c6cbf67ec5d81c692c7ceb98887bfd43a72c585ea15712df53549e0ebeb1b
underworld-flora-fungal-spirestalk-crooked	4	4720	3	source/underworld-flora-fungal-spirestalk-crooked.blend	glb/underworld-flora-fungal-spirestalk-crooked.glb	runtime/underworld-flora-fungal-spirestalk-crooked.model.json	596f5ad809a44e2d3ff8089c021fa143a8a848a09da736ed3726a7b9580eac82	3d7b84b3ae8660f6e1e5db519c2fbdf33254c5512e885ee3591a4b3106c1f5c3	a9dc4835aa4411aff9b2d2e87213581e5f7bfdb50684cfe316305ef7a9c281d2
underworld-flora-fungal-spirestalk-towered	4	7280	3	source/underworld-flora-fungal-spirestalk-towered.blend	glb/underworld-flora-fungal-spirestalk-towered.glb	runtime/underworld-flora-fungal-spirestalk-towered.model.json	d37fec4b552b342ba980ba314ae958c520aa844dffabd26e8d85f4d684db41ef	ca019b578c90f50608598d09f79cd42015f6f23890edac56d16cb6047f187505	aaa694b892277f03efb0daba5812b6651873d0eedc9252ddb17f5582798b282e
underworld-flora-fungal-spirestalk-young	4	3440	3	source/underworld-flora-fungal-spirestalk-young.blend	glb/underworld-flora-fungal-spirestalk-young.glb	runtime/underworld-flora-fungal-spirestalk-young.model.json	cff6443d5b56118ecd0c06cac99f78af9a2c9be4d6de4219e3327d08d9c588c8	562e5ccd38b93985dd126a343196731f3fd723cd32d8830ce04e7570c652bd38	5701f69806a849cf006c3e854ae5be2bbf1f3282adac87558a10d34d65632666
underworld-flora-fungal-spirestalk	4	4720	3	source/underworld-flora-fungal-spirestalk.blend	glb/underworld-flora-fungal-spirestalk.glb	runtime/underworld-flora-fungal-spirestalk.model.json	68e5ac8fe97b54b14fe9cec0dcaee837c12a9579ed9ddf157b7e74c52e9ab460	a5c0bdc81074a60f3805babd4c8ea5d1ce2172ecf7b6498dac56e518bcc6a2fd	d4196449bd937fe39fe07d1fbf1c8dc9dd49f2e0a6456488f0f0b7de0950e673
underworld-flora-fungal-sporebrush	2	1680	2	source/underworld-flora-fungal-sporebrush.blend	glb/underworld-flora-fungal-sporebrush.glb	runtime/underworld-flora-fungal-sporebrush.model.json	9836f12a075892107d77c196d1e2577aaa09ebdc78b9da6b449ba3764e94d223	426aab3ece7112984d1cc0a90003eb51460202c18133500f1d100b0b480c4f95	29b542f2f0fb617d7e559614a6dfdeb24737d78ec4244afc208cf554d48e6b5f
underworld-flora-fungal-tanglecap-splayed	4	7440	3	source/underworld-flora-fungal-tanglecap-splayed.blend	glb/underworld-flora-fungal-tanglecap-splayed.glb	runtime/underworld-flora-fungal-tanglecap-splayed.model.json	814532176deaa893d11329e32efcbc4cf16276e74a119bd3b4419bf10ce92976	489dfd6a626078ef59eb0d2ec7d4f8bf9a245766d6571246514ad8557266ae5d	b9f5d299012e676114f8c100fbcd97d7a0b04c5adf8deea9721b135e4777bd83
underworld-flora-fungal-tanglecap-woven	4	6704	3	source/underworld-flora-fungal-tanglecap-woven.blend	glb/underworld-flora-fungal-tanglecap-woven.glb	runtime/underworld-flora-fungal-tanglecap-woven.model.json	73d69274b6ce8d7bb46b92a8ec578709864f49a6e0c2d7c60190dded7de86756	68c871f6515f4eff89e19770254119906d8d23f21e3e8f77a2a98e28a4f8a649	b288855609d7fc17436df38fb92f0113a88f5e20db892aec654992e7a561b621
underworld-flora-fungal-tanglecap-young	4	3312	3	source/underworld-flora-fungal-tanglecap-young.blend	glb/underworld-flora-fungal-tanglecap-young.glb	runtime/underworld-flora-fungal-tanglecap-young.model.json	ae76a4c6103cce2e3e13a98b0312ca9339240a86c2ce4003c78753c1eec32d4a	c02de04dcf372b255197c3e4b174eff5d2d6eb6d43d654fabb659e0491ccdbef	067f44701c36a7aa0d77dd0dae6e81be0aa389e12043ea70f1331a20e807ca90
underworld-flora-fungal-tanglecap	4	5008	3	source/underworld-flora-fungal-tanglecap.blend	glb/underworld-flora-fungal-tanglecap.glb	runtime/underworld-flora-fungal-tanglecap.model.json	864947dab5f46efb1269e5679e9c72fe693f09959a7d7bd0c8f10f31164c5bbf	817d79c4df54650cd4433d6e9f172c2c325214a3c1cb843b5de9fc42cc62b316	db3b78d9824b6d3ba7c9222840bc5c7795b1b507498c75ba072d72655c8c34c4
underworld-flora-harvest-cinderstalk-felled	2	528	2	source/underworld-flora-harvest-cinderstalk-felled.blend	glb/underworld-flora-harvest-cinderstalk-felled.glb	runtime/underworld-flora-harvest-cinderstalk-felled.model.json	4f3ece3d4531acc3e06d8cec3ec31b8452191be3b1429231fd29c3e1758962b7	620d8c06acf32e0392df1764333354bd6ed99e2a9bd040892701fadafb797540	ec310197ccf0c12d126f5c3b4bd6e64bea8c17ee8953ad31980a57a9d63954cd
underworld-flora-harvest-cinderstalk-stump	3	1088	2	source/underworld-flora-harvest-cinderstalk-stump.blend	glb/underworld-flora-harvest-cinderstalk-stump.glb	runtime/underworld-flora-harvest-cinderstalk-stump.model.json	2847b6752cdfb72a87abedee4e65347b04cd084bb6c784741ef0327ef97b343b	4a4869e7d5ee3f9da99bc9e52b1378baba02642cd7def37ed5cc3d2dd2a49b28	7c6bd1915581c58bb222e01a0ae5253c11c8819833a0ba3dd50bb156c97841ce
underworld-flora-harvest-glowcap-felled	2	528	2	source/underworld-flora-harvest-glowcap-felled.blend	glb/underworld-flora-harvest-glowcap-felled.glb	runtime/underworld-flora-harvest-glowcap-felled.model.json	efbad3cfea3b8c738e6c2f7b92387aaee14ed13450dab8de37b5d57c9b2739eb	aafed09daad055bbe3ceb6402532c47d6e31f6988875e0be204dd7627fbafe14	d39a72b7da500c73f222c95d252189523bae4ea7733754ef7a18a83b3bca06cd
underworld-flora-harvest-glowcap-stump	3	1088	2	source/underworld-flora-harvest-glowcap-stump.blend	glb/underworld-flora-harvest-glowcap-stump.glb	runtime/underworld-flora-harvest-glowcap-stump.model.json	254acd218882635e1d56d129cdd26789a776a42476bb3fa48d9f580cb716fca6	3d42fed897f7fd9ed8fd56d0551ade921ec77b11a434c849448eb056d809354a	80ccba1b2b0e201bc6d13dada4f331b460b4d5f154da2e12ff1564719aaba6e5
underworld-flora-harvest-spirestalk-felled	2	528	2	source/underworld-flora-harvest-spirestalk-felled.blend	glb/underworld-flora-harvest-spirestalk-felled.glb	runtime/underworld-flora-harvest-spirestalk-felled.model.json	6bd681d089cbfca4c52aca1c8a134b4fe482cf89f871843a674df390acd1d274	98da9de7df5045b0ea8ebde31b329ef72fce887c588199cf402967c5199c09af	033a15a9b345173274c20428c08a7f16aa8726633565eb6611c4f86be74abaf3
underworld-flora-harvest-spirestalk-stump	3	1088	2	source/underworld-flora-harvest-spirestalk-stump.blend	glb/underworld-flora-harvest-spirestalk-stump.glb	runtime/underworld-flora-harvest-spirestalk-stump.model.json	2b7e4e90a30ae59ed0b744bab9d4b252b0f1072bdf410f0b7d20fb517110a2e5	7000ddf35064b4bb846bad6b4f2c2cf0bf26140b26c1abe5dee08801cddce667	5155779d602c78892fcf394861afc1e9bc5dfe0ab62862087b3c6b201f818fae
underworld-flora-sulfur-cinderstalk	5	5736	3	source/underworld-flora-sulfur-cinderstalk.blend	glb/underworld-flora-sulfur-cinderstalk.glb	runtime/underworld-flora-sulfur-cinderstalk.model.json	5b7cc4c165079c9f570e67c7f9da091f44ab4d84e25bf4693bb4091c50658198	068f91b740245a30a1fb0d53185c2345b292784ba22a193fa658b65add14a441	7ca67272ae54b85c5f47dbe9289ed6cc657d67fcd495ba02f3cccc309c9e8aa6
underworld-geothermal-vent-crown	43	4688	3	source/underworld-geothermal-vent-crown.blend	glb/underworld-geothermal-vent-crown.glb	runtime/underworld-geothermal-vent-crown.model.json	5ce4f560d950fd6808e5e2beda9deebb93492252cf386fe33f178ac670d8a2d2	03a3be6a69a83de660082f5bfc45d5b12d98c4bc22c8d73942640a77c075b7a3	1cce79b356d8639b6fe0056d5eecda610bf7c46b58d9ab4908cd80393594bbb9
underworld-geothermal-vent-rootbound	49	4904	4	source/underworld-geothermal-vent-rootbound.blend	glb/underworld-geothermal-vent-rootbound.glb	runtime/underworld-geothermal-vent-rootbound.model.json	91a4384bb6dc0ed95f36d0862a6b14d3ac282b4a4c3188415d3b568c2a5fb88d	c04c639d373d01b343db72dac4e65ff1064d534fb4403f4179cb2f69c4960626	3599a2af6703dfd69ab00745a9d68850c8b8fe956a84644d6dab6880a21ebd15
underworld-geothermal-vent-split	43	4068	3	source/underworld-geothermal-vent-split.blend	glb/underworld-geothermal-vent-split.glb	runtime/underworld-geothermal-vent-split.model.json	539c2372eb4287df032f02069fd23dea68bd02cda8d6cb6c426df394b52bd2a0	bb8c72ecfc3650a556059fc9d9270f5d31557d8abc0874bf0c989ab5d4fa6d7d	7e9415ab4f29240ca93c763320882667a02e59f900ede25826d53b0b11fc00d0
underworld-ground-blackwater-silt-ripples	1	1344	1	source/underworld-ground-blackwater-silt-ripples.blend	glb/underworld-ground-blackwater-silt-ripples.glb	runtime/underworld-ground-blackwater-silt-ripples.model.json	405632e30b1fbb5b06c6bbf7f37a5e160da425a70dcb754bebd06eb864ccad75	65b46013a90229eb725bf6892a764ca4ca7ba3afab681766867f6c16efef0598	98c7cf1ea3817249fa4b09a4fc25bcb64d2a7aaccc4afb4dfe36dd745510452e
underworld-ground-decay-peat-mat	3	7952	1	source/underworld-ground-decay-peat-mat.blend	glb/underworld-ground-decay-peat-mat.glb	runtime/underworld-ground-decay-peat-mat.model.json	96c570b69f4d999e89bdebed9fce2f0776066e8d5487fc11740d0997173b061d	416c8d0e96f1d9e2f1bb96b99b6d8516cc9bba0a4a956e9ff55e6d478c1470a7	34596c229d40fcf2032834952891de9314080a0f6b5dcb3a2d41efa57950c4f0
underworld-ground-fracture-shale-scree	1	480	1	source/underworld-ground-fracture-shale-scree.blend	glb/underworld-ground-fracture-shale-scree.glb	runtime/underworld-ground-fracture-shale-scree.model.json	81735096d932cbeec586ec16545d35ee6b99c51f161469f82ccf745ed911c5c4	b48a998e2f03462c0ceed259ab7eb7acc1e1ae420dbe2e3d5bce6586e3603236	d04fca6c783c52a62157b031a008c5869c27764815b845c5ebd50f984c110140
underworld-ground-frozen-rime-fan	1	768	1	source/underworld-ground-frozen-rime-fan.blend	glb/underworld-ground-frozen-rime-fan.glb	runtime/underworld-ground-frozen-rime-fan.model.json	3ff577802ef292c2d588ca6658b5e9ae397305ea922a0ae6010188f58aaf047e	5a20e718500ac015a918a3469d140fa00072c17b252b275d51616bf3dce605fd	0a11783f78bd23fa89d67385974b02a45006658df225a8ca34cd1f82946f627a
underworld-ground-rootgrass-carpet	2	6608	2	source/underworld-ground-rootgrass-carpet.blend	glb/underworld-ground-rootgrass-carpet.glb	runtime/underworld-ground-rootgrass-carpet.model.json	febfd55a98e80e7d02483435ca59008e11bd8fe3399af4c422c85f65dc245510	8827df7ffdbbf0d8467b4750c3b5cf0b92abf55dc643e504cfe8c33550752bbf	8fa6b399eb59fbaf18dace85f477386740f3dbec023bcbaa1bdb307df77e5fe8
underworld-ground-rootgrass-tufts	2	6608	2	source/underworld-ground-rootgrass-tufts.blend	glb/underworld-ground-rootgrass-tufts.glb	runtime/underworld-ground-rootgrass-tufts.model.json	7bfc978ea67685c2b37f22239f006c0e92b2ac08ecb39817a90576ad6ad25616	e67a7c75abe6f45c8e505aaed82accaca6f97cbcd0d69e43feb3578238cf22d0	35b288a7b0531488d8814464344bfd781ab568be963894d05ceb81c1c37162be
underworld-ground-rootgrass-woven	2	6608	2	source/underworld-ground-rootgrass-woven.blend	glb/underworld-ground-rootgrass-woven.glb	runtime/underworld-ground-rootgrass-woven.model.json	6867c18feecc7593f653ada924c52caa87213bf72365ce3b9a460919b175c6d0	6fa29fdc24ba755fcc94764cdcc35805c283e10d268306d9096779e754e96aca	8ab786c5c67ca8593b771a3541e763fd95f5420d0c9d448c485b54c22972a483
underworld-ground-sulfur-drift-bank	1	1344	1	source/underworld-ground-sulfur-drift-bank.blend	glb/underworld-ground-sulfur-drift-bank.glb	runtime/underworld-ground-sulfur-drift-bank.model.json	4fd734e99b49f0a0cf1ba88409753758f93c75213e1c80daf7ecb3f5b6e995f9	eb705d8729e1a82bdec6fb8e48dd22642680fc8719fa8f0a26428511dc78e5d8	223cfd29ae5c0b1ab7bf98c72fdfadb7c9dd7fba6c4acae39073d428179cdf80
underworld-ground-sulfur-drift-crescent	1	1344	1	source/underworld-ground-sulfur-drift-crescent.blend	glb/underworld-ground-sulfur-drift-crescent.glb	runtime/underworld-ground-sulfur-drift-crescent.model.json	75e17df738bfaecaafaf17095484c9366f1c3e18e07850b62b185900a47e91bd	f4a597fac918d3b67c9cf05f06732c7e50330b3caa2cda4d2d4705626b1ede67	8265eb9c6202f3a3280041422766b47d586f61b9980f8fd35bf9d0e307678b36
underworld-ground-sulfur-drift-rippled	1	1344	1	source/underworld-ground-sulfur-drift-rippled.blend	glb/underworld-ground-sulfur-drift-rippled.glb	runtime/underworld-ground-sulfur-drift-rippled.model.json	07dbddbd69dd42d9706768884b20f56f7ab5c5485d597efc72c2cefe1148958e	45595ead92e0e3083bd9e62a496cd0dd00b15729b63e68e3710b1c102bf0a449	5fc9369d425121e7f068b785b0b88979c85780cb585bf1c78879f3ea173497da
underworld-refined-brined-pearl	8	908	2	source/underworld-refined-brined-pearl.blend	glb/underworld-refined-brined-pearl.glb	runtime/underworld-refined-brined-pearl.model.json	c9d2c11e44b19f06afb91102538571ad177c062761b37cabba74441bc9e5b3e4	73bbb4b9429dafed2fe0d891379a29ca74353be50ef55ccf95c8d86644cbc2f2	8ff3caf55691624f884efc082ebb8e15e7078fece7e58bfda2ce68f4b9d06636
underworld-refined-carrion-amber-seal	10	1392	2	source/underworld-refined-carrion-amber-seal.blend	glb/underworld-refined-carrion-amber-seal.glb	runtime/underworld-refined-carrion-amber-seal.model.json	ea46811359c5107abd89212f3772c5da76d025c3d6fd1b270810f607dcf08d88	3a30c1a01f0cf3f53efc9c425b77bcc46a62055976640eb65778ea2a98225164	c964ee4c82213e68f2aa537d4bf2f1acc36b9e0d391ae30ae0b9914e2e4d05b5
underworld-refined-charred-root-grip	8	2080	2	source/underworld-refined-charred-root-grip.blend	glb/underworld-refined-charred-root-grip.glb	runtime/underworld-refined-charred-root-grip.model.json	792e7f8e68fed367bceb51653e182485aa9d762989563f5fd6de39829db9fc16	589f2600374960dbfda7074cbf326969f61f3fb9866791a05e5f584ba1f68569	f18acf904320ba18d458cbae15c07e9468cb65c49c8e46bd7b6ec8da7c4f9812
underworld-refined-cured-glowcap	14	1696	2	source/underworld-refined-cured-glowcap.blend	glb/underworld-refined-cured-glowcap.glb	runtime/underworld-refined-cured-glowcap.model.json	f54b86d164226be959bc4fccf690801deaa65b6249791a2da5691f521625ba4c	95dc00797826d81782dffaf600ec08cbd833422745109040d60709c0144dee09	a9d9a5b6c38d685f11fc91c83f53e7e904943c72e38ee5a09a4ae874b4e1bff8
underworld-refined-emberiron-bar	8	1288	2	source/underworld-refined-emberiron-bar.blend	glb/underworld-refined-emberiron-bar.glb	runtime/underworld-refined-emberiron-bar.model.json	e0a52a6329b27c3a523a612fd488592fc5e5278e0db77b856b3ea2224648af6d	ac63e97695c514f4d2e9dfca5017d7e3d97dd8f84405cd70c6aadc810f7770b8	0acb2ddf25c1c70e36b492f82ef6f74436788cb29832294d04ff2a013a56fe86
underworld-refined-flowstone-plate	8	576	2	source/underworld-refined-flowstone-plate.blend	glb/underworld-refined-flowstone-plate.glb	runtime/underworld-refined-flowstone-plate.model.json	e0a1d17e5392ca3e5030edb583a5832214b044395946bfb6f15f9c0f128689b3	d20709d4074e9ff6db3679db312e68ec6f30d07d9f2a5ba7df0a9affa2f10786	2389de5b3e3287d4d93a02cc264d589060da8ee37894f572be2ae7fe0b22caeb
underworld-refined-fracture-prism	8	1236	2	source/underworld-refined-fracture-prism.blend	glb/underworld-refined-fracture-prism.glb	runtime/underworld-refined-fracture-prism.model.json	c7eb3872582913407155fe72cbd33bb15c96b4add4005db5bfb0f7e1f2cb1ed8	561e04bc2c4cb71f58b331346b29e241944c4f2f6eca6a5895e021f89db13097	6ecc016570daf21e95f5644805621b6fc5ac0ac24027bca8202cc92d0ccdcb9a
underworld-refined-iceglass-lens	9	1248	2	source/underworld-refined-iceglass-lens.blend	glb/underworld-refined-iceglass-lens.glb	runtime/underworld-refined-iceglass-lens.model.json	017ef74aa682717ac75eb75352687f8247d2abaf8f475a4af4726d7a008cdec8	2c12f434d53931386a06dc31ab335a9ba488e82a0a1f850704db89c9351e9dc4	b34e1bc6bfab866139d0db0063c7af9961b1d33dca3db0489dfa19dd4d8a9de6
underworld-refined-ossuary-composite	8	1288	2	source/underworld-refined-ossuary-composite.blend	glb/underworld-refined-ossuary-composite.glb	runtime/underworld-refined-ossuary-composite.model.json	cd84eb9e7061482871e4dcdc41414bc881b12e223c036459a47ca1ea450fd9ef	31ca82b05d21c016f1011809fbbbd4bcea9dfc5b93bdbcc8ff5fe5391a718edc	a7aa2c8e74d91f3d025c0ad6c85c5df4e12e325b2c3d0aba2c8d6f7c85d260db
underworld-refined-pale-cord	9	1712	2	source/underworld-refined-pale-cord.blend	glb/underworld-refined-pale-cord.glb	runtime/underworld-refined-pale-cord.model.json	6da45a0b20aabe806726f9440a7bf9ac7e937ba0da299c6ba8bda0e7c82eb2c8	0cc8fa9509e781722f41aa552024d812015c55d59a83b680eeedf289d3d1322d	4a5ddd791f991cbad3ff987e1e65333881dbee765b6eb502596ffc3088251123
underworld-refined-rimesilver-bar	8	1288	2	source/underworld-refined-rimesilver-bar.blend	glb/underworld-refined-rimesilver-bar.glb	runtime/underworld-refined-rimesilver-bar.model.json	3d75a991b1497f95f44cec2c37d6113669c05a1c567843eab4ec919e9736d258	7adcc260998dad54b917134a2520b79ea8adcc5e806f175601f34cdc9ec0bc52	581e4ff2388f4849f889d179668ec333ccd23dd99c60d11d203f1fb4b8b90ab3
underworld-refined-rimewood-laminate	10	1080	2	source/underworld-refined-rimewood-laminate.blend	glb/underworld-refined-rimewood-laminate.glb	runtime/underworld-refined-rimewood-laminate.model.json	df690215107c3e43a97926d9069ffe60f141a9f0df0839de86d999fdea44bff7	f1a232332bdf2ce8eaa53af42627407428e0bd292b37f7f83e2512cbed023dff	45e9643403e7da31341027838b7b1762828a24401e60f3c08c47adcd3192a036
underworld-refined-rotwood-laminate	10	1080	2	source/underworld-refined-rotwood-laminate.blend	glb/underworld-refined-rotwood-laminate.glb	runtime/underworld-refined-rotwood-laminate.model.json	046f267882f67e8d72cc69b21c2b9064dd2916f3acf97e4037082fd007e77e60	5622506d28f63c35ee24929d6686ee11326c6d49708c498c9852b36f0df60b1f	1685161c561ff3ba3b35234bd5ce41b1a109f1bffbf12b731835621e84c426c0
underworld-refined-shardstone-block	8	1288	2	source/underworld-refined-shardstone-block.blend	glb/underworld-refined-shardstone-block.glb	runtime/underworld-refined-shardstone-block.model.json	fc5fa846469be74d255aacd160356d632edf5ea7f0088ec9e402fb774cb8813b	979d3c6ca97490176d35ffc7093c90ff44575153ba662d8ff7ec39cb9e2e5c9f	1689c9692152e3aa46136f4b44d4a71c11ea2a012ace66e76c449466dbefdad7
underworld-refined-spire-cord	9	1712	2	source/underworld-refined-spire-cord.blend	glb/underworld-refined-spire-cord.glb	runtime/underworld-refined-spire-cord.model.json	a835c4d8792f55c5d873c4720234887aae755b8faca425bc48afe80484adf683	a7faccb47467fd2b21c91276d8baaa4216c02e0d28cc2b1fffc5f85f05dd9bdd	a567a99f93db98c983241981b3d92fab1a787861f0c1fd7f9072d2d2f7ee63fd
underworld-refined-tempered-slag	8	576	2	source/underworld-refined-tempered-slag.blend	glb/underworld-refined-tempered-slag.glb	runtime/underworld-refined-tempered-slag.model.json	38d57300a3f29dba4c70b6e2e541fc06878c340f8357742988bcba49108c58cc	ecb23492491cca3ead59c9d3dc47e1cedcca73018b638e409bf8d3daff5ffbaa	4cfaac95e3048e9941a2ad94d8b4eebef446fb5b8a4d2bf5be5d1d2e592ff6f5
underworld-refined-titanbone-plate	8	576	2	source/underworld-refined-titanbone-plate.blend	glb/underworld-refined-titanbone-plate.glb	runtime/underworld-refined-titanbone-plate.model.json	8e87c54cd006bba907de5970d9d054be6fe2b16f6340c86052f7cfb90b104eeb	97a30665a074996272859177cd27e327fd9b3e7e03fd99aef69046d8971fdb7b	88619b28e77949f95a8cf819d41ec0d7bb5eb438a0d3ed07c156c4182549ea0d
underworld-refined-worldroot-plank	10	1080	2	source/underworld-refined-worldroot-plank.blend	glb/underworld-refined-worldroot-plank.glb	runtime/underworld-refined-worldroot-plank.model.json	98f94b7dac0191cdd57fca16273af45bbfa7f7d038789f6125f112b0caddd45a	6f6f824ca5941fec6625d4bdfd1d38467e2f1dab2a64f60ca4d6e6515e816d34	44b92ae86d460aced64febda238c151fc74c412c04e33852b86ff10363e713dc
underworld-resource-blackwater-flowstone	1	168	1	source/underworld-resource-blackwater-flowstone.blend	glb/underworld-resource-blackwater-flowstone.glb	runtime/underworld-resource-blackwater-flowstone.model.json	c0ddff23c637ed207dfccf740b36495be0bd2193c08351bb7488506d1fbeedea	e146cdf3d333407bbd4a44c2271dec78948e7ece9bdad6038a47cf236df5461c	14fb20110d73110534462658d53cec644d1dbfc545a36ed28838669dca3a58cd
underworld-resource-blackwater-pearl	1	288	1	source/underworld-resource-blackwater-pearl.blend	glb/underworld-resource-blackwater-pearl.glb	runtime/underworld-resource-blackwater-pearl.model.json	d5e6787ce0d817f54086720391f9a8fea0e1191768bfcfa2cbdf61b4c57c6c73	8cb8e89b7a895b4e2e3db4ba185f1d40a7de912d45d1622133e74c80eec885cb	96a64dbf5824614f39fa90555b5985fd633745750738d77804f2f29e82af729e
underworld-resource-bone-gravel	13	872	2	source/underworld-resource-bone-gravel.blend	glb/underworld-resource-bone-gravel.glb	runtime/underworld-resource-bone-gravel.model.json	d6ad251a667b3df6dc9f5625faba7128e2f89da07d552b3be7bd295bd2737dc9	f6cc29f6289ddd68328b6f74ec0777c8d3e318de929f0040230b492654a4988a	f9240dcc95b90049390c9890cf4dfe9879fb3b6ef0a8638c55c8732847d62d6f
underworld-resource-carrion-amber	11	460	2	source/underworld-resource-carrion-amber.blend	glb/underworld-resource-carrion-amber.glb	runtime/underworld-resource-carrion-amber.model.json	5e6490e18d87b3f0d242913c049b2432adcd4751fe61e0bd40a2338ba96e0c4c	a96bf1677476b81c36ce864179f4a6eb0e54134ebbf6f6a31d58689eb11d1818	e5292366fdebff11eb732f7d1f0edd26d4cc6bd3035ef3275ac32eb8666beddb
underworld-resource-charred-timber	10	1216	2	source/underworld-resource-charred-timber.blend	glb/underworld-resource-charred-timber.glb	runtime/underworld-resource-charred-timber.model.json	2b9cf60e7d95959fca9df1ebd81bcd209a20ac63ccc7a01726b5f9421299eca4	64f9746300aab018ec0ce06bfa0a459b3c1833f79526acb97c1ab8773d2bd830	923bb24c4da67cb5b024faaf2838d0151a824b0a734adefd850ca5c44eb78985
underworld-resource-clear-ice	11	460	2	source/underworld-resource-clear-ice.blend	glb/underworld-resource-clear-ice.glb	runtime/underworld-resource-clear-ice.model.json	631d1e3f52759ab6e6e5d20790699a9dd8b2bc84b8f6d841d50a5080cb16dc1e	f6763c640f9faa86bc494431bbe6216d777d1f2160bca62bd23ca484577e185a	3c92b6bef758b6f869d757010009be44a03db5582bfa8a8979985451f865a500
underworld-resource-decay-spore	13	1136	2	source/underworld-resource-decay-spore.blend	glb/underworld-resource-decay-spore.glb	runtime/underworld-resource-decay-spore.model.json	e5543a9aecda4f2e18d58ca3d11abc919907064ddfc40a0c777e0427a964db17	3fb8343e9aa1a81d646a91c755cf0c4450bdb0f17512d882d9e69b01d9d3a6c9	6c5be6799d085ef72498d41c344090b70b158de1cbc31cf28c8bb9ff7243d0ee
underworld-resource-deep-salt	1	216	1	source/underworld-resource-deep-salt.blend	glb/underworld-resource-deep-salt.glb	runtime/underworld-resource-deep-salt.model.json	27f0ee79114a7c958f08ca73b447981bc389a633032fb0eecbd11b2538cd1919	d5d135ef747002ac637d5dab74b8c086c1723298c728705ebb07c592c24f96d5	fbc834df87d4f4609dbea7400a0cad4dbb0abc83e2230ee3e7afbfa4db340d9a
underworld-resource-emberiron	12	960	2	source/underworld-resource-emberiron.blend	glb/underworld-resource-emberiron.glb	runtime/underworld-resource-emberiron.model.json	8c27e7cf2e4e1909e3baa08cfb1dfe3d70abcd304a7125923c0b00aca562ae88	e1a674b01734c6b940558ea02224d02242cda6c0a2137b4d2f9da14705c21ab3	d9d2740ae6888f408a0427d2c8ba2a4ceef865226ee2177891f0babc4e6f0a71
underworld-resource-fracture-crystal	11	460	2	source/underworld-resource-fracture-crystal.blend	glb/underworld-resource-fracture-crystal.glb	runtime/underworld-resource-fracture-crystal.model.json	271ba2480e92e1191f59e955d846f6d21dcb02fda3d04e786b989def34e6a94d	efc4f14dcc1f27987b760ac0ce75e640488072de5d24ee2aa56df55995a0441b	542aa2574f110467ec386580bb0217a7050f6d51d6524ea941049fb739066abb
underworld-resource-glowcap-flesh	2	928	1	source/underworld-resource-glowcap-flesh.blend	glb/underworld-resource-glowcap-flesh.glb	runtime/underworld-resource-glowcap-flesh.model.json	972573ab683b779df045a76a2a3aa971f48a3b0c28fe2d9ef5b0ae0461dae0ba	96e0e8429d7f4a4609dc54bdda0f8f8aedbfb27cf42302a75eba946078a2e4e7	3aac8b7e916dd7204afc8dd6cf2a973e83ea8576db8273ad4f707d4d5dd6fe44
underworld-resource-pale-fibre	2	720	2	source/underworld-resource-pale-fibre.blend	glb/underworld-resource-pale-fibre.glb	runtime/underworld-resource-pale-fibre.model.json	ebf61c3da9552143de87e9e00fbfeeebb943fd6504dd9179bf748c0e7cb3c87e	3206335e4d17afe89949e2826a876c4b8a840997d7847df582ae2ada433e70f5	b106e4bcb7e489a2718c68062819027ce3d881fb7e3980698871ddae54455ea5
underworld-resource-rimesilver	12	960	2	source/underworld-resource-rimesilver.blend	glb/underworld-resource-rimesilver.glb	runtime/underworld-resource-rimesilver.model.json	4163069f57f99fbd90c18913965dec2d9f0cb2a78dc339e8c91d37522232b792	b181fa8d3434e1110f4c68ab9b4665686d1454745343d52fbb3417e5db8ef61b	ce45e7604964801fe7f5fb6967d1db9a19480808d48f1005ef75fe318e71d57c
underworld-resource-rimewood	10	1216	2	source/underworld-resource-rimewood.blend	glb/underworld-resource-rimewood.glb	runtime/underworld-resource-rimewood.model.json	28ff95f5bfc5994b0ed06564674fcc0705e56932c35525f241262c63f6bd220c	af13012e743a487afeb628023d26a4fd511f7e8857c703f7a36bd8c76e853f85	ab0af486d84134af91c540f63d8a1f97c862c04d4e22a519b3addb12584d7d0c
underworld-resource-rotwood	10	1216	2	source/underworld-resource-rotwood.blend	glb/underworld-resource-rotwood.glb	runtime/underworld-resource-rotwood.model.json	3679966b8ea8bfc403d07b22eff6282b84b5682981bce2ac2dc93f149294596c	9a95e195214c4786d74b5ec0a18b6cd802812c7214b9e691466793d6df3b8c9c	541ff16a78888f287ab4f7fb4a4549167a2fc991bbfd60b69100e2f70b27a85e
underworld-resource-shardstone	13	872	2	source/underworld-resource-shardstone.blend	glb/underworld-resource-shardstone.glb	runtime/underworld-resource-shardstone.model.json	161df0eda39bfefc8ec851c5a5534a9da37eb60e9ff3875028ca829f7288cfbe	69330ab44d33f8989995f4de4442cacf1ceb0e732c1ce3ec44fdb093f494faca	6d05f6f1b9a7b967a98cfbf47e3385674887ff623f3b302520993056af0437f3
underworld-resource-slagstone	13	872	2	source/underworld-resource-slagstone.blend	glb/underworld-resource-slagstone.glb	runtime/underworld-resource-slagstone.model.json	947d09b226c4d52bd373d7e9176ccdbeab130b36743105c42d2875fbb3e911e0	08aa262a26f59ab138aff2c9cc16abba695daa62d60adce9afd3d888d06bfb5f	281739df11e93fc60b4d7cd89a0afbcae23663da6293ec168e3662fd4628bcfb
underworld-resource-spire-fibre	2	832	2	source/underworld-resource-spire-fibre.blend	glb/underworld-resource-spire-fibre.glb	runtime/underworld-resource-spire-fibre.model.json	2b46dcb1a24f8b76e671ee9d88326702156b553e94ccb1b4de70ef745a6c3846	ebbec50b612ae2492750a26f36ee41d8d94e61d09ee91d47ac360c810f76e570	4172bb4461dcd4a5dd55ba14bee2b5fbd0b654776768bb506ad43ae3d3c624ea
underworld-resource-sulfur	11	460	2	source/underworld-resource-sulfur.blend	glb/underworld-resource-sulfur.glb	runtime/underworld-resource-sulfur.model.json	19b8481711bb79431e5e9b0de3e538b8e6ff9d0baafceb22b1e2b8ae80ad40f4	2ad97a1fdf116682aeb1d52839d5a03831fdc9520e338d072b415fecfaaa684e	e88b1755bd94c88ced044700708cb67294b8e1b289ba9cba8fd99621617d9354
underworld-resource-titanbone	9	1440	2	source/underworld-resource-titanbone.blend	glb/underworld-resource-titanbone.glb	runtime/underworld-resource-titanbone.model.json	eb8824667e62664e0528ebba191518c14703d4c0301e8f49947acce20f7ae6a2	902b807e762353ffcaaebb2026c0c341037a2661668ae4026d8d577635c5995d	c54e1c3a963243c8298c11154aeb1b4b9d88e147de461b027eae5128f96fc336
underworld-resource-understone	1	42	1	source/underworld-resource-understone.blend	glb/underworld-resource-understone.glb	runtime/underworld-resource-understone.model.json	0d9b9a5aaab02a0b193c0f208d5aa2a638b20cf82bbd93a965d326ea0ffe4c72	3469168370f868fdd3e26efab6abf7f623305c24ffde1fb25647a8b58bd6492b	667509ca6d314de7d6d77f1443094245c07937fb1ea138f59156090ab1c7b0f2
underworld-resource-worldroot-timber	2	304	2	source/underworld-resource-worldroot-timber.blend	glb/underworld-resource-worldroot-timber.glb	runtime/underworld-resource-worldroot-timber.model.json	c669b28115e655e19e2242eb621d339dd840e660e7664a9736828424ebd19f44	7fdb9255cea0bf3967979acc469adb0b449f9afa17af2c53cbc9644f398d1960	3eb80883f0898538c1daa0cdec95e8dba62f021e639ad01de3809dff1af36843
underworld-standing-stone	1	250	1	source/underworld-standing-stone.blend	glb/underworld-standing-stone.glb	runtime/underworld-standing-stone.model.json	15e78ded8ef76edeaa452b544db3db2a06741fc4381f220df9a798fa776b66db	30b473167ddebb127292349c9334eb8aa29ccca0e922d686810497499e907115	7c26ec7129ebcafbc6f1a0c066a70d7abdf78626cca23f279c0db4e9e66f30b0
underworld-station-anchor-forge	74	11440	4	source/underworld-station-anchor-forge.blend	glb/underworld-station-anchor-forge.glb	runtime/underworld-station-anchor-forge.model.json	b2a8b530a7457a620d321f4cb4f44477636195f78cd0f3972f3a7ccf5fec9364	d11c9d93f6f7c11c716b789ca8d28af0b9e12c6e7dee66c854b4350fb5f4eb04	26c83f7dd33afb5a98be0dde44efc6ae0fb4fcfe3c9469c299c5f1147c6067b3
underworld-station-crown-reliquary	107	12000	4	source/underworld-station-crown-reliquary.blend	glb/underworld-station-crown-reliquary.glb	runtime/underworld-station-crown-reliquary.model.json	838050f96cfbb0b8775c132ecc3397e945463b3afb3214179aa56e5e7de9caa5	a91b4f38a040e27fc6cc12c04f558b85a9cb11a5e2637e2f119d5098cd57254e	3b7240ac2c3d37cd7be9f89ee1ec2c3f0bea103a45c8991264708a6fc1a283a4
underworld-station-furnace-heart-forge	79	14372	4	source/underworld-station-furnace-heart-forge.blend	glb/underworld-station-furnace-heart-forge.glb	runtime/underworld-station-furnace-heart-forge.model.json	5b340a4ef612ffec7fd4e149d5a899c6155cbf9fa32a1a55958af0970e4a50e9	4b1b5f876f04dd715d69495b059827427a942ed4bf6918ee2c5fe7ffb5a83ee4	00f8d06ccb255ac6b37d8b4b08c56b0490d14e566716f47dce6b617c20ed4481
underworld-station-mycelial-bench	81	9044	4	source/underworld-station-mycelial-bench.blend	glb/underworld-station-mycelial-bench.glb	runtime/underworld-station-mycelial-bench.model.json	cc0474f99dfef1b5579acbe77392bcc55d6eec0ac8a636f64771d034984183e3	ba4b6812ef5cec8f77e5fcdbf77c9fd841efd695b80b1ced94a4110fd21a7e48	2fa82a2b87f61f7290d159514392f0bd00bc9bb6efe945f7e1faadddaedcbe10
underworld-station-silence-table	92	8412	4	source/underworld-station-silence-table.blend	glb/underworld-station-silence-table.glb	runtime/underworld-station-silence-table.model.json	66924def70c1135cf4ae22e2e14fde1860e9dc03124b0873c8f4eb7b832c262c	3926b17533177dd0d183ac9c325f280bba93242b07e1d4333764e12121e3788e	eb453fc9a48070a8b930f7847552c12448cb33d0ed5e93e3497260a8cf3e8b8a
underworld-station-tidal-basin	95	8720	4	source/underworld-station-tidal-basin.blend	glb/underworld-station-tidal-basin.glb	runtime/underworld-station-tidal-basin.model.json	41836d093e8e08abb38f9f3483df62de1ab853d3a9618c33a61f8eef9cee56d6	58618ba6c90e1fce5ecb20dd7c6efb58da96dd688e21c60d85b267b762a5aeb2	3a55c3e5eb2a261a610132332d2b96e52f9a323147dc4a57c16cf39875bf100f
underworld-surtling-earth-feminine	52	3476	3	source/underworld-surtling-earth-feminine.blend	glb/underworld-surtling-earth-feminine.glb	runtime/underworld-surtling-earth-feminine.model.json	ac43381cc836a1c063bd4c09ad5fb6b19ae903e03f82e47cb288142fdb704d9d	9ddbffddc412c891b6ebfd5168920f0cecaaa6305bf4bfe69588b6e89ce31655	07b0e01a2760d67dedbf4c2c74beca11265712c5ae8c4eb1bfe5dc34440526b5
underworld-surtling-earth-masculine	53	3508	3	source/underworld-surtling-earth-masculine.blend	glb/underworld-surtling-earth-masculine.glb	runtime/underworld-surtling-earth-masculine.model.json	bc0b8d82a7a72330218caf48678aafb668b4da1aa313927e5f1e730bd0d3a94c	6d6db0773af8a5cba2c72ec7dff14b5347105c022298c2594c0a2ce8822188ad	9f881bced1d51a72513c86f2346cad9b45222085e38c7fb91e1b6843b41cedbd
underworld-surtling-fire-feminine	50	5248	3	source/underworld-surtling-fire-feminine.blend	glb/underworld-surtling-fire-feminine.glb	runtime/underworld-surtling-fire-feminine.model.json	ebc68378680e8b0fa1af894ab543d4a07df8e2f0ca84aa36ca9a249e6d2c0084	655a9313c12960f0f386f62d266e572164c49773b13fdab29d684e9f13178a81	e0fe3fd2848b2a4d9934007635a1e8ae5683f26f8d4b996650251360ed582883
underworld-surtling-fire-masculine	49	5156	3	source/underworld-surtling-fire-masculine.blend	glb/underworld-surtling-fire-masculine.glb	runtime/underworld-surtling-fire-masculine.model.json	e8db88677dcd9ed08149acce0e1bf07ab4152916eda8e9c63c3fc0cb0dcf2f3d	43eb7accadcfdcdd9d51006dbd74ba2ba348331ec7a3a2ca72972f9cd5326143	c1c1a938d3b4434f9285f77c435c79b27b201c2a97d60f89001459b828a19278
underworld-surtling-radiance-feminine	51	5748	3	source/underworld-surtling-radiance-feminine.blend	glb/underworld-surtling-radiance-feminine.glb	runtime/underworld-surtling-radiance-feminine.model.json	5bff12b08f2e759a037dbdac6c3a48d4c7cb6c1591f9c76b4cbfd02068454000	7f1d92325ec4fc3bf5c325164dfa247f6045ef169b78761b86c334ac1366b034	c75ffadc77b33c2f9addc12459d96c0619ecb2cf22daae18fb2b4b48eddbf330
underworld-surtling-radiance-masculine	51	5752	3	source/underworld-surtling-radiance-masculine.blend	glb/underworld-surtling-radiance-masculine.glb	runtime/underworld-surtling-radiance-masculine.model.json	56aec4f36f70c80eaeecf8b61c176db34e56fc1a2f92e933143ac079675b0b82	9b1b265b012812084c06fadcd9bf7877c78b64b4f8b2a2d6d32ad19ad812ae24	54030e45b913ce673010e2faf79302f0488e6cddb76b27fe2c454737e1506e42
underworld-surtling-umbral-feminine	46	4248	3	source/underworld-surtling-umbral-feminine.blend	glb/underworld-surtling-umbral-feminine.glb	runtime/underworld-surtling-umbral-feminine.model.json	d7d914c3f829b39075602989e7f3eb103a8c91603756b6cd4b1203440222b28d	fe6addae64ba6a86da5072df3c875a4e0e222b6cbebd56d76b2228d4cdfc5306	79313655c5de9d93f64a6ed1838305e937debb6008eacef4885c7e1371115453
underworld-surtling-umbral-masculine	46	4260	3	source/underworld-surtling-umbral-masculine.blend	glb/underworld-surtling-umbral-masculine.glb	runtime/underworld-surtling-umbral-masculine.model.json	a786810ade0f5b5501129ac77b096dcceb9bbb43b79b3aac637671c7cbd2057d	7556056a6c1aa814fb0d84c08efc0171ccfc319aa269cd2b2c035f3836cf88fe	5188a21786f38949362341ad5b88842a4abecc39a4a6c12d537dda8c62ef8b63
underworld-surtling-water-feminine	49	6204	3	source/underworld-surtling-water-feminine.blend	glb/underworld-surtling-water-feminine.glb	runtime/underworld-surtling-water-feminine.model.json	6f62c190de34258cfc528922f1c8a3c07b1bb7cfe4c560b65c762853b2fc8390	2bb6cb9436523478f0b61f3696e521c18ae935ed2c699447afd84a396824f3e2	3c87a0da8efe40f32ed42c3c7797c591252cfe2e7898bd23c7a286d65e483358
underworld-surtling-water-masculine	48	6076	3	source/underworld-surtling-water-masculine.blend	glb/underworld-surtling-water-masculine.glb	runtime/underworld-surtling-water-masculine.model.json	a452eeda941f029a52ba83720c8a10e1cc618abc6d9f022a3ffbb0a035f53584	6e58a96ee304d0261648ef2d239c054bf01bb500ee38fd843e64aa84459ab22f	d02af0e085b5de16686aa81324382d3592d62cdfe9d2bf36eb387025a6671f08
underworld-surtling-wind-feminine	46	5072	3	source/underworld-surtling-wind-feminine.blend	glb/underworld-surtling-wind-feminine.glb	runtime/underworld-surtling-wind-feminine.model.json	dee2878f76ef02b493ffb0b0e9eea049aa60e90cce8b6751d1038c09c16ae82a	80e636c661c8f40e6b46ad9165e37437555606125d256c073205835ec3f7dbd5	0f7d5ad74190211f5dcb88a793af3a36ad2854a80c8d30aaac66252e1d23dc33
underworld-surtling-wind-masculine	46	5040	3	source/underworld-surtling-wind-masculine.blend	glb/underworld-surtling-wind-masculine.glb	runtime/underworld-surtling-wind-masculine.model.json	4d0ecd1e68889c4e4c51ed90fdee0a9ce764c02eefe8f9bde1ae510a63bcfd69	0e85febf594edae1ce6ded3db74383560f6cd7c5fa879210ed25cfedeb264b66	4b63455a8de2635a9d6d0a44c6cf33171f4797255a0ef303e1bf57f04514c3b9
underworld-tool-anchor-spike	21	1856	3	source/underworld-tool-anchor-spike.blend	glb/underworld-tool-anchor-spike.glb	runtime/underworld-tool-anchor-spike.model.json	90d11e093e7de1ca83afb89bc4eb80e91a62694026f5a361b298ba556582c3f5	e3fc82441d5531892f06a9c40aff1cf23987d932bc2fb8a78421815ae231e6c0	7ddaef2f3d3d5b5a1910812dc02ea642b61023ee0581b3ecbf2e8f8c5ffd5138
underworld-tool-defiant-censer	25	2008	3	source/underworld-tool-defiant-censer.blend	glb/underworld-tool-defiant-censer.glb	runtime/underworld-tool-defiant-censer.model.json	74866a0748a669ee03171bc959cdab0f15f7064a76bd82af24ce304bc245a235	4f05ebeece0df8c29db198b37083d0346a9c3d6dc7df6d402f2201c6b7ef8df7	df619836147635bb2970c3774575ea3da39ee36e3d34e7327227e12410ca8e98
underworld-tool-diving-bell-hood	23	3052	3	source/underworld-tool-diving-bell-hood.blend	glb/underworld-tool-diving-bell-hood.glb	runtime/underworld-tool-diving-bell-hood.model.json	cf9ce653d417fad0269238c95fbc7b62a24c32ec50489d513d77040f9568e42c	51808f383ff49ab89daf8a0f3686da22252a2146049a84bf156faee3e1eb83b0	19166e048cfeb7071f3137734767838b9da92afaa43038aab552db98e2fd58cf
underworld-tool-rime-chisel	18	1708	3	source/underworld-tool-rime-chisel.blend	glb/underworld-tool-rime-chisel.glb	runtime/underworld-tool-rime-chisel.model.json	0701c349fdb5cbc7ca77b93b96fb13b13ec079d1418e0aecd86418e060eac00a	25c2405225d9b018bfd5d4382483225846c87344ba5f44c0390e496fa20ef064	08929f7fb38dede78567712d2ba62010f4e6b23d1d482b34b878d87b9bcb78af
underworld-tool-slag-pick	18	2088	3	source/underworld-tool-slag-pick.blend	glb/underworld-tool-slag-pick.glb	runtime/underworld-tool-slag-pick.model.json	0e9066cbafb27c7243d10b63116b58998fedf3a69ac19e965a86afca714deed1	288a1c937b56aa72e2c433709e43db1e2c968fee6d08e0e373913382e6bf2c00	763ab9aed61bfe0d05ac111cef1670f1de8d45eb009322b80393bf10a016a53a
underworld-tool-sporelight-lantern	20	2404	3	source/underworld-tool-sporelight-lantern.blend	glb/underworld-tool-sporelight-lantern.glb	runtime/underworld-tool-sporelight-lantern.model.json	65d9d33d166e45d40767954a5e65257ef9ceb8d1d93051d25c4780b8c5989086	c3b417c15ecd499fecfcdfa781b23fa7942fac48260c99b60cf7df7ecfe93f06	aad5855a94d9f9ee7c55bcfb55837f1efb1730dbbd46343dfea30af6148081ab
underworld-weapon-amber-blade	14	3040	9	source/underworld-weapon-amber-blade.blend	glb/underworld-weapon-amber-blade.glb	runtime/underworld-weapon-amber-blade.model.json	e57f89f8fc2e2e4d18ad7f1528fc91e2caaf602e1bcfe5903dd227c4ede2dc66	2372eab197a06e9c47e7f2e59923f9cd6c68b131b90ecbf0fb4c0f38ee9f997a	b70224eeaab60db44c220116575d494a7a60d68378fdeb612d665ffa243e78a0
underworld-weapon-blackwater-harpoon	16	3128	10	source/underworld-weapon-blackwater-harpoon.blend	glb/underworld-weapon-blackwater-harpoon.glb	runtime/underworld-weapon-blackwater-harpoon.model.json	6452a8c8c5e21aa997835d0b119c11012b99fe73e61adbf5b70679b2fc9ab4c0	a5a738636cb428fc6767fd157932c93b1a046bad4f0189e2ec08a9c6b2e51c77	c9a3abd5d8ec966c3be6fda080d776387b9f86723207e1accb229b2dc5adbdec
underworld-weapon-crown-sceptre	26	4708	14	source/underworld-weapon-crown-sceptre.blend	glb/underworld-weapon-crown-sceptre.glb	runtime/underworld-weapon-crown-sceptre.model.json	c206efd13941420fc451b908574915fafe140de9f276e327ccea993e62f7bdb2	7cc3d4bd154ce060d2226dbe66be0d7f9d8427834d4f5d7c29a527935319a5e0	45e926f8ed024a84d8ecb8142532b10d91adb102f5a1d5c2e3f987f76a00c3f8
underworld-weapon-emberiron-axe	15	3520	10	source/underworld-weapon-emberiron-axe.blend	glb/underworld-weapon-emberiron-axe.glb	runtime/underworld-weapon-emberiron-axe.model.json	2f78be439c923886cf59b76e5a69c82fac51b0b25d5de8141ba16b4df264c263	d45a8309200006ffec66ace05c135b8eeed1dd89bc5528360d7129040202bdaf	8ac3e9284beea531f740362c4973942ed95ec146f55f53d2f926a455fef8a392
underworld-weapon-emberiron-greatsword	14	3344	9	source/underworld-weapon-emberiron-greatsword.blend	glb/underworld-weapon-emberiron-greatsword.glb	runtime/underworld-weapon-emberiron-greatsword.model.json	79d75db038b6489ed9c39d6046e595554a0b13ad2207bb5c61aadd39a91f7e4e	50d2185c10a5261b8de2851339a016e58ea2a943646b8bc2be9ff42cff294d8e	b1c39bee040e838aae2df9783823e0f15b9f753ab88d83782155ceff062c3d0c
underworld-weapon-flowstone-maul	27	5028	14	source/underworld-weapon-flowstone-maul.blend	glb/underworld-weapon-flowstone-maul.glb	runtime/underworld-weapon-flowstone-maul.model.json	ca47a99654ea1a32dfd29973fd12d6e4c1b899e4f4d023a7c5448b64bb3c8cb2	5fa454f17f0d39b548565d8cd5abc9460c76d325dbb2fc653fe244b890d2ff09	5eced8efd92c85942589da6106b468ba4a0d102756085980b51ada9e8281b90b
underworld-weapon-icebind-staff	15	3236	6	source/underworld-weapon-icebind-staff.blend	glb/underworld-weapon-icebind-staff.glb	runtime/underworld-weapon-icebind-staff.model.json	a263f02ae154be40a29abc34b360866aae3dbe09f239881c8c88c7a6070d1ccc	ac00683097b8906391e8ebc7840b943218b32c0e2268051ec4586a36a447a947	85d6a4823238f69e42f3456c1580a0e6eb70fbeb2665c5913c6b15ba20aa2f2b
underworld-weapon-rimesilver-spear	17	3600	10	source/underworld-weapon-rimesilver-spear.blend	glb/underworld-weapon-rimesilver-spear.glb	runtime/underworld-weapon-rimesilver-spear.model.json	78c54bf2485a676f9397422c3d06fa5d1f042ae4fca56e2f3cc75b508374f5cc	d8cea85caea2021910459044e7ed89c325c23b6fd3cd467685b26abc00e3034c	a8494f24046f3d57787706e4a70ffe468c4ad87e5f3c29cc4cb2234daf57695c
underworld-weapon-shardstone-crossbow	19	1812	13	source/underworld-weapon-shardstone-crossbow.blend	glb/underworld-weapon-shardstone-crossbow.glb	runtime/underworld-weapon-shardstone-crossbow.model.json	d80ce7490f9c4b8ab4205cb59ca5ceb4761a211ef6691ad702f15833b7ce6aea	8a9df1ed7c3a6bbdaa480088b75d51f07d2c2ac767dbc29c36835f2414f38d21	96a9486c508130c579fc35b5043dbc6a1d96cacd44571ef440bf57eccc460f84
underworld-weapon-titanbone-atgeir	18	3732	13	source/underworld-weapon-titanbone-atgeir.blend	glb/underworld-weapon-titanbone-atgeir.glb	runtime/underworld-weapon-titanbone-atgeir.model.json	6a9e3ef98ad60606b671fd5b57671e2d7063bd3b69c5ced4345bcc0606e0860f	66fc9381d080c9977162dae805228201050b2b0b18fd5c745922b676b5a76dfe	0fdbbe67e3a4d468b138fad95c0216a3e5fefbf4b3489f1f5864a3b121b7e0db
underworld-weapon-worldroot-bow	22	3672	14	source/underworld-weapon-worldroot-bow.blend	glb/underworld-weapon-worldroot-bow.glb	runtime/underworld-weapon-worldroot-bow.model.json	3946641e5dc9c2fedb844b4d2776126f337f37656170e261353e417ed217aa8b	a1ca1a262c39c0fdf5b69feaee85dda52442665b27902f7ae7b15de2c07f11f7	2b119f45460981fa39424c0c329e19ab46712fece5b09a47c5797c5951e929e8
underworld-weapon-worldroot-club	21	4132	13	source/underworld-weapon-worldroot-club.blend	glb/underworld-weapon-worldroot-club.glb	runtime/underworld-weapon-worldroot-club.model.json	cf99441fceb52ca356ddb8923da7b262aad4f5d9f18d9fbd8a0ecc1f88554639	29f9c9a572293dff71634c402270bdb225e65b8d9487e26fe88b1752f9f731b1	8e85dbe16283264bd6470e50f98d928524bab517200675fcea15871f2dfb37c8
